District,Year,Week,IRS_Coverage
WETE,2018,1,95.0
MICHEWENI,2018,1,95.0
CHAKE-CHAKE,2018,1,95.0
MKOANI,2018,1,95.0
MAGHARIBI  B,2018,1,95.0
KUSINI,2018,1,95.0
MJINI,2018,1,95.0
KASKAZINI B,2018,1,95.0
MAGHARIBI  A,2018,1,95.0
KASKAZINI A,2018,1,95.0
KATI,2018,1,95.0
WETE,2018,2,95.0
MICHEWENI,2018,2,95.0
CHAKE-CHAKE,2018,2,95.0
MKOANI,2018,2,95.0
MAGHARIBI  B,2018,2,95.0
KUSINI,2018,2,95.0
MJINI,2018,2,95.0
KASKAZINI B,2018,2,95.0
MAGHARIBI  A,2018,2,95.0
KASKAZINI A,2018,2,95.0
KATI,2018,2,95.0
WETE,2018,3,95.0
MICHEWENI,2018,3,95.0
CHAKE-CHAKE,2018,3,95.0
MKOANI,2018,3,95.0
MAGHARIBI  B,2018,3,95.0
KUSINI,2018,3,95.0
MJINI,2018,3,95.0
KASKAZINI B,2018,3,95.0
MAGHARIBI  A,2018,3,95.0
KASKAZINI A,2018,3,95.0
KATI,2018,3,95.0
WETE,2018,4,95.0
MICHEWENI,2018,4,95.0
CHAKE-CHAKE,2018,4,95.0
MKOANI,2018,4,95.0
MAGHARIBI  B,2018,4,95.0
KUSINI,2018,4,95.0
MJINI,2018,4,95.0
KASKAZINI B,2018,4,95.0
MAGHARIBI  A,2018,4,95.0
KASKAZINI A,2018,4,95.0
KATI,2018,4,95.0
WETE,2018,5,95.0
MICHEWENI,2018,5,95.0
CHAKE-CHAKE,2018,5,95.0
MKOANI,2018,5,95.0
MAGHARIBI  B,2018,5,95.0
KUSINI,2018,5,95.0
MJINI,2018,5,95.0
KASKAZINI B,2018,5,95.0
MAGHARIBI  A,2018,5,95.0
KASKAZINI A,2018,5,95.0
KATI,2018,5,95.0
WETE,2018,6,95.0
MICHEWENI,2018,6,95.0
CHAKE-CHAKE,2018,6,95.0
MKOANI,2018,6,95.0
MAGHARIBI  B,2018,6,95.0
KUSINI,2018,6,95.0
MJINI,2018,6,95.0
KASKAZINI B,2018,6,95.0
MAGHARIBI  A,2018,6,95.0
KASKAZINI A,2018,6,95.0
KATI,2018,6,95.0
WETE,2018,7,95.0
MICHEWENI,2018,7,95.0
CHAKE-CHAKE,2018,7,95.0
MKOANI,2018,7,95.0
MAGHARIBI  B,2018,7,95.0
KUSINI,2018,7,95.0
MJINI,2018,7,95.0
KASKAZINI B,2018,7,95.0
MAGHARIBI  A,2018,7,95.0
KASKAZINI A,2018,7,95.0
KATI,2018,7,95.0
WETE,2018,8,95.0
MICHEWENI,2018,8,95.0
CHAKE-CHAKE,2018,8,95.0
MKOANI,2018,8,95.0
MAGHARIBI  B,2018,8,95.0
KUSINI,2018,8,95.0
MJINI,2018,8,95.0
KASKAZINI B,2018,8,95.0
MAGHARIBI  A,2018,8,95.0
KASKAZINI A,2018,8,95.0
KATI,2018,8,95.0
WETE,2018,9,95.0
MICHEWENI,2018,9,95.0
CHAKE-CHAKE,2018,9,95.0
MKOANI,2018,9,95.0
MAGHARIBI  B,2018,9,95.0
KUSINI,2018,9,95.0
MJINI,2018,9,95.0
KASKAZINI B,2018,9,95.0
MAGHARIBI  A,2018,9,95.0
KASKAZINI A,2018,9,95.0
KATI,2018,9,95.0
WETE,2018,10,95.0
MICHEWENI,2018,10,95.0
CHAKE-CHAKE,2018,10,95.0
MKOANI,2018,10,95.0
MAGHARIBI  B,2018,10,95.0
KUSINI,2018,10,95.0
MJINI,2018,10,95.0
KASKAZINI B,2018,10,95.0
MAGHARIBI  A,2018,10,95.0
KASKAZINI A,2018,10,95.0
KATI,2018,10,95.0
WETE,2018,11,95.0
MICHEWENI,2018,11,95.0
CHAKE-CHAKE,2018,11,95.0
MKOANI,2018,11,95.0
MAGHARIBI  B,2018,11,95.0
KUSINI,2018,11,95.0
MJINI,2018,11,95.0
KASKAZINI B,2018,11,95.0
MAGHARIBI  A,2018,11,95.0
KASKAZINI A,2018,11,95.0
KATI,2018,11,95.0
WETE,2018,12,95.0
MICHEWENI,2018,12,95.0
CHAKE-CHAKE,2018,12,95.0
MKOANI,2018,12,95.0
MAGHARIBI  B,2018,12,95.0
KUSINI,2018,12,95.0
MJINI,2018,12,95.0
KASKAZINI B,2018,12,95.0
MAGHARIBI  A,2018,12,95.0
KASKAZINI A,2018,12,95.0
KATI,2018,12,95.0
WETE,2018,13,95.0
MICHEWENI,2018,13,95.0
CHAKE-CHAKE,2018,13,95.0
MKOANI,2018,13,95.0
MAGHARIBI  B,2018,13,95.0
KUSINI,2018,13,95.0
MJINI,2018,13,95.0
KASKAZINI B,2018,13,95.0
MAGHARIBI  A,2018,13,95.0
KASKAZINI A,2018,13,95.0
KATI,2018,13,95.0
WETE,2018,14,95.0
MICHEWENI,2018,14,95.0
CHAKE-CHAKE,2018,14,95.0
MKOANI,2018,14,95.0
MAGHARIBI  B,2018,14,95.0
KUSINI,2018,14,95.0
MJINI,2018,14,95.0
KASKAZINI B,2018,14,95.0
MAGHARIBI  A,2018,14,95.0
KASKAZINI A,2018,14,95.0
KATI,2018,14,95.0
WETE,2018,15,95.0
MICHEWENI,2018,15,95.0
CHAKE-CHAKE,2018,15,95.0
MKOANI,2018,15,95.0
MAGHARIBI  B,2018,15,95.0
KUSINI,2018,15,95.0
MJINI,2018,15,95.0
KASKAZINI B,2018,15,95.0
MAGHARIBI  A,2018,15,95.0
KASKAZINI A,2018,15,95.0
KATI,2018,15,95.0
WETE,2018,16,95.0
MICHEWENI,2018,16,95.0
CHAKE-CHAKE,2018,16,95.0
MKOANI,2018,16,95.0
MAGHARIBI  B,2018,16,95.0
KUSINI,2018,16,95.0
MJINI,2018,16,95.0
KASKAZINI B,2018,16,95.0
MAGHARIBI  A,2018,16,95.0
KASKAZINI A,2018,16,95.0
KATI,2018,16,95.0
WETE,2018,17,95.0
MICHEWENI,2018,17,95.0
CHAKE-CHAKE,2018,17,95.0
MKOANI,2018,17,95.0
MAGHARIBI  B,2018,17,95.0
KUSINI,2018,17,95.0
MJINI,2018,17,95.0
KASKAZINI B,2018,17,95.0
MAGHARIBI  A,2018,17,95.0
KASKAZINI A,2018,17,95.0
KATI,2018,17,95.0
WETE,2018,18,95.0
MICHEWENI,2018,18,95.0
CHAKE-CHAKE,2018,18,95.0
MKOANI,2018,18,95.0
MAGHARIBI  B,2018,18,95.0
KUSINI,2018,18,95.0
MJINI,2018,18,95.0
KASKAZINI B,2018,18,95.0
MAGHARIBI  A,2018,18,95.0
KASKAZINI A,2018,18,95.0
KATI,2018,18,95.0
WETE,2018,19,95.0
MICHEWENI,2018,19,95.0
CHAKE-CHAKE,2018,19,95.0
MKOANI,2018,19,95.0
MAGHARIBI  B,2018,19,95.0
KUSINI,2018,19,95.0
MJINI,2018,19,95.0
KASKAZINI B,2018,19,95.0
MAGHARIBI  A,2018,19,95.0
KASKAZINI A,2018,19,95.0
KATI,2018,19,95.0
WETE,2018,20,95.0
MICHEWENI,2018,20,95.0
CHAKE-CHAKE,2018,20,95.0
MKOANI,2018,20,95.0
MAGHARIBI  B,2018,20,95.0
KUSINI,2018,20,95.0
MJINI,2018,20,95.0
KASKAZINI B,2018,20,95.0
MAGHARIBI  A,2018,20,95.0
KASKAZINI A,2018,20,95.0
KATI,2018,20,95.0
WETE,2018,21,95.0
MICHEWENI,2018,21,95.0
CHAKE-CHAKE,2018,21,95.0
MKOANI,2018,21,95.0
MAGHARIBI  B,2018,21,95.0
KUSINI,2018,21,95.0
MJINI,2018,21,95.0
KASKAZINI B,2018,21,95.0
MAGHARIBI  A,2018,21,95.0
KASKAZINI A,2018,21,95.0
KATI,2018,21,95.0
WETE,2018,22,95.0
MICHEWENI,2018,22,95.0
CHAKE-CHAKE,2018,22,95.0
MKOANI,2018,22,95.0
MAGHARIBI  B,2018,22,95.0
KUSINI,2018,22,95.0
MJINI,2018,22,95.0
KASKAZINI B,2018,22,95.0
MAGHARIBI  A,2018,22,95.0
KASKAZINI A,2018,22,95.0
KATI,2018,22,95.0
WETE,2018,23,95.0
MICHEWENI,2018,23,95.0
CHAKE-CHAKE,2018,23,95.0
MKOANI,2018,23,95.0
MAGHARIBI  B,2018,23,95.0
KUSINI,2018,23,95.0
MJINI,2018,23,95.0
KASKAZINI B,2018,23,95.0
MAGHARIBI  A,2018,23,95.0
KASKAZINI A,2018,23,95.0
KATI,2018,23,95.0
WETE,2018,24,95.0
MICHEWENI,2018,24,95.0
CHAKE-CHAKE,2018,24,95.0
MKOANI,2018,24,95.0
MAGHARIBI  B,2018,24,95.0
KUSINI,2018,24,95.0
MJINI,2018,24,95.0
KASKAZINI B,2018,24,95.0
MAGHARIBI  A,2018,24,95.0
KASKAZINI A,2018,24,95.0
KATI,2018,24,95.0
WETE,2018,25,95.0
MICHEWENI,2018,25,95.0
CHAKE-CHAKE,2018,25,95.0
MKOANI,2018,25,95.0
MAGHARIBI  B,2018,25,95.0
KUSINI,2018,25,95.0
MJINI,2018,25,95.0
KASKAZINI B,2018,25,95.0
MAGHARIBI  A,2018,25,95.0
KASKAZINI A,2018,25,95.0
KATI,2018,25,95.0
WETE,2018,26,95.0
MICHEWENI,2018,26,95.0
CHAKE-CHAKE,2018,26,95.0
MKOANI,2018,26,95.0
MAGHARIBI  B,2018,26,95.0
KUSINI,2018,26,95.0
MJINI,2018,26,95.0
KASKAZINI B,2018,26,95.0
MAGHARIBI  A,2018,26,95.0
KASKAZINI A,2018,26,95.0
KATI,2018,26,95.0
WETE,2018,27,95.0
MICHEWENI,2018,27,95.0
CHAKE-CHAKE,2018,27,95.0
MKOANI,2018,27,95.0
MAGHARIBI  B,2018,27,95.0
KUSINI,2018,27,95.0
MJINI,2018,27,95.0
KASKAZINI B,2018,27,95.0
MAGHARIBI  A,2018,27,95.0
KASKAZINI A,2018,27,95.0
KATI,2018,27,95.0
WETE,2018,28,95.0
MICHEWENI,2018,28,95.0
CHAKE-CHAKE,2018,28,95.0
MKOANI,2018,28,95.0
MAGHARIBI  B,2018,28,95.0
KUSINI,2018,28,95.0
MJINI,2018,28,95.0
KASKAZINI B,2018,28,95.0
MAGHARIBI  A,2018,28,95.0
KASKAZINI A,2018,28,95.0
KATI,2018,28,95.0
WETE,2018,29,95.0
MICHEWENI,2018,29,95.0
CHAKE-CHAKE,2018,29,95.0
MKOANI,2018,29,95.0
MAGHARIBI  B,2018,29,95.0
KUSINI,2018,29,95.0
MJINI,2018,29,95.0
KASKAZINI B,2018,29,95.0
MAGHARIBI  A,2018,29,95.0
KASKAZINI A,2018,29,95.0
KATI,2018,29,95.0
WETE,2018,30,95.0
MICHEWENI,2018,30,95.0
CHAKE-CHAKE,2018,30,95.0
MKOANI,2018,30,95.0
MAGHARIBI  B,2018,30,95.0
KUSINI,2018,30,95.0
MJINI,2018,30,95.0
KASKAZINI B,2018,30,95.0
MAGHARIBI  A,2018,30,95.0
KASKAZINI A,2018,30,95.0
KATI,2018,30,95.0
WETE,2018,31,95.0
MICHEWENI,2018,31,95.0
CHAKE-CHAKE,2018,31,95.0
MKOANI,2018,31,95.0
MAGHARIBI  B,2018,31,95.0
KUSINI,2018,31,95.0
MJINI,2018,31,95.0
KASKAZINI B,2018,31,95.0
MAGHARIBI  A,2018,31,95.0
KASKAZINI A,2018,31,95.0
KATI,2018,31,95.0
WETE,2018,32,95.0
MICHEWENI,2018,32,95.0
CHAKE-CHAKE,2018,32,95.0
MKOANI,2018,32,95.0
MAGHARIBI  B,2018,32,95.0
KUSINI,2018,32,95.0
MJINI,2018,32,95.0
KASKAZINI B,2018,32,95.0
MAGHARIBI  A,2018,32,95.0
KASKAZINI A,2018,32,95.0
KATI,2018,32,95.0
WETE,2018,33,95.0
MICHEWENI,2018,33,95.0
CHAKE-CHAKE,2018,33,95.0
MKOANI,2018,33,95.0
MAGHARIBI  B,2018,33,95.0
KUSINI,2018,33,95.0
MJINI,2018,33,95.0
KASKAZINI B,2018,33,95.0
MAGHARIBI  A,2018,33,95.0
KASKAZINI A,2018,33,95.0
KATI,2018,33,95.0
WETE,2018,34,95.0
MICHEWENI,2018,34,95.0
CHAKE-CHAKE,2018,34,95.0
MKOANI,2018,34,95.0
MAGHARIBI  B,2018,34,95.0
KUSINI,2018,34,95.0
MJINI,2018,34,95.0
KASKAZINI B,2018,34,95.0
MAGHARIBI  A,2018,34,95.0
KASKAZINI A,2018,34,95.0
KATI,2018,34,95.0
WETE,2018,35,95.0
MICHEWENI,2018,35,95.0
CHAKE-CHAKE,2018,35,95.0
MKOANI,2018,35,95.0
MAGHARIBI  B,2018,35,95.0
KUSINI,2018,35,95.0
MJINI,2018,35,95.0
KASKAZINI B,2018,35,95.0
MAGHARIBI  A,2018,35,95.0
KASKAZINI A,2018,35,95.0
KATI,2018,35,95.0
WETE,2018,36,95.0
MICHEWENI,2018,36,95.0
CHAKE-CHAKE,2018,36,95.0
MKOANI,2018,36,95.0
MAGHARIBI  B,2018,36,95.0
KUSINI,2018,36,95.0
MJINI,2018,36,95.0
KASKAZINI B,2018,36,95.0
MAGHARIBI  A,2018,36,95.0
KASKAZINI A,2018,36,95.0
KATI,2018,36,95.0
WETE,2018,37,95.0
MICHEWENI,2018,37,95.0
CHAKE-CHAKE,2018,37,95.0
MKOANI,2018,37,95.0
MAGHARIBI  B,2018,37,95.0
KUSINI,2018,37,95.0
MJINI,2018,37,95.0
KASKAZINI B,2018,37,95.0
MAGHARIBI  A,2018,37,95.0
KASKAZINI A,2018,37,95.0
KATI,2018,37,95.0
WETE,2018,38,95.0
MICHEWENI,2018,38,95.0
CHAKE-CHAKE,2018,38,95.0
MKOANI,2018,38,95.0
MAGHARIBI  B,2018,38,95.0
KUSINI,2018,38,95.0
MJINI,2018,38,95.0
KASKAZINI B,2018,38,95.0
MAGHARIBI  A,2018,38,95.0
KASKAZINI A,2018,38,95.0
KATI,2018,38,95.0
WETE,2018,39,95.0
MICHEWENI,2018,39,95.0
CHAKE-CHAKE,2018,39,95.0
MKOANI,2018,39,95.0
MAGHARIBI  B,2018,39,95.0
KUSINI,2018,39,95.0
MJINI,2018,39,95.0
KASKAZINI B,2018,39,95.0
MAGHARIBI  A,2018,39,95.0
KASKAZINI A,2018,39,95.0
KATI,2018,39,95.0
WETE,2018,40,95.0
MICHEWENI,2018,40,95.0
CHAKE-CHAKE,2018,40,95.0
MKOANI,2018,40,95.0
MAGHARIBI  B,2018,40,95.0
KUSINI,2018,40,95.0
MJINI,2018,40,95.0
KASKAZINI B,2018,40,95.0
MAGHARIBI  A,2018,40,95.0
KASKAZINI A,2018,40,95.0
KATI,2018,40,95.0
WETE,2018,41,95.0
MICHEWENI,2018,41,95.0
CHAKE-CHAKE,2018,41,95.0
MKOANI,2018,41,95.0
MAGHARIBI  B,2018,41,95.0
KUSINI,2018,41,95.0
MJINI,2018,41,95.0
KASKAZINI B,2018,41,95.0
MAGHARIBI  A,2018,41,95.0
KASKAZINI A,2018,41,95.0
KATI,2018,41,95.0
WETE,2018,42,95.0
MICHEWENI,2018,42,95.0
CHAKE-CHAKE,2018,42,95.0
MKOANI,2018,42,95.0
MAGHARIBI  B,2018,42,95.0
KUSINI,2018,42,95.0
MJINI,2018,42,95.0
KASKAZINI B,2018,42,95.0
MAGHARIBI  A,2018,42,95.0
KASKAZINI A,2018,42,95.0
KATI,2018,42,95.0
WETE,2018,43,95.0
MICHEWENI,2018,43,95.0
CHAKE-CHAKE,2018,43,95.0
MKOANI,2018,43,95.0
MAGHARIBI  B,2018,43,95.0
KUSINI,2018,43,95.0
MJINI,2018,43,95.0
KASKAZINI B,2018,43,95.0
MAGHARIBI  A,2018,43,95.0
KASKAZINI A,2018,43,95.0
KATI,2018,43,95.0
WETE,2018,44,95.0
MICHEWENI,2018,44,95.0
CHAKE-CHAKE,2018,44,95.0
MKOANI,2018,44,95.0
MAGHARIBI  B,2018,44,95.0
KUSINI,2018,44,95.0
MJINI,2018,44,95.0
KASKAZINI B,2018,44,95.0
MAGHARIBI  A,2018,44,95.0
KASKAZINI A,2018,44,95.0
KATI,2018,44,95.0
WETE,2018,45,95.0
MICHEWENI,2018,45,95.0
CHAKE-CHAKE,2018,45,95.0
MKOANI,2018,45,95.0
MAGHARIBI  B,2018,45,95.0
KUSINI,2018,45,95.0
MJINI,2018,45,95.0
KASKAZINI B,2018,45,95.0
MAGHARIBI  A,2018,45,95.0
KASKAZINI A,2018,45,95.0
KATI,2018,45,95.0
WETE,2018,46,95.0
MICHEWENI,2018,46,95.0
CHAKE-CHAKE,2018,46,95.0
MKOANI,2018,46,95.0
MAGHARIBI  B,2018,46,95.0
KUSINI,2018,46,95.0
MJINI,2018,46,95.0
KASKAZINI B,2018,46,95.0
MAGHARIBI  A,2018,46,95.0
KASKAZINI A,2018,46,95.0
KATI,2018,46,95.0
WETE,2018,47,95.0
MICHEWENI,2018,47,95.0
CHAKE-CHAKE,2018,47,95.0
MKOANI,2018,47,95.0
MAGHARIBI  B,2018,47,95.0
KUSINI,2018,47,95.0
MJINI,2018,47,95.0
KASKAZINI B,2018,47,95.0
MAGHARIBI  A,2018,47,95.0
KASKAZINI A,2018,47,95.0
KATI,2018,47,95.0
WETE,2018,48,95.0
MICHEWENI,2018,48,95.0
CHAKE-CHAKE,2018,48,95.0
MKOANI,2018,48,95.0
MAGHARIBI  B,2018,48,95.0
KUSINI,2018,48,95.0
MJINI,2018,48,95.0
KASKAZINI B,2018,48,95.0
MAGHARIBI  A,2018,48,95.0
KASKAZINI A,2018,48,95.0
KATI,2018,48,95.0
WETE,2018,49,95.0
MICHEWENI,2018,49,95.0
CHAKE-CHAKE,2018,49,95.0
MKOANI,2018,49,95.0
MAGHARIBI  B,2018,49,95.0
KUSINI,2018,49,95.0
MJINI,2018,49,95.0
KASKAZINI B,2018,49,95.0
MAGHARIBI  A,2018,49,95.0
KASKAZINI A,2018,49,95.0
KATI,2018,49,95.0
WETE,2018,50,95.0
MICHEWENI,2018,50,95.0
CHAKE-CHAKE,2018,50,95.0
MKOANI,2018,50,95.0
MAGHARIBI  B,2018,50,95.0
KUSINI,2018,50,95.0
MJINI,2018,50,95.0
KASKAZINI B,2018,50,95.0
MAGHARIBI  A,2018,50,95.0
KASKAZINI A,2018,50,95.0
KATI,2018,50,95.0
WETE,2018,51,95.0
MICHEWENI,2018,51,95.0
CHAKE-CHAKE,2018,51,95.0
MKOANI,2018,51,95.0
MAGHARIBI  B,2018,51,95.0
KUSINI,2018,51,95.0
MJINI,2018,51,95.0
KASKAZINI B,2018,51,95.0
MAGHARIBI  A,2018,51,95.0
KASKAZINI A,2018,51,95.0
KATI,2018,51,95.0
WETE,2018,52,95.0
MICHEWENI,2018,52,95.0
CHAKE-CHAKE,2018,52,95.0
MKOANI,2018,52,95.0
MAGHARIBI  B,2018,52,95.0
KUSINI,2018,52,95.0
MJINI,2018,52,95.0
KASKAZINI B,2018,52,95.0
MAGHARIBI  A,2018,52,95.0
KASKAZINI A,2018,52,95.0
KATI,2018,52,95.0
WETE,2019,1,95.2
MICHEWENI,2019,1,95.2
CHAKE-CHAKE,2019,1,95.2
MKOANI,2019,1,95.2
MAGHARIBI  B,2019,1,95.2
KUSINI,2019,1,95.2
MJINI,2019,1,95.2
KASKAZINI B,2019,1,95.2
MAGHARIBI  A,2019,1,95.2
KASKAZINI A,2019,1,95.2
KATI,2019,1,95.2
WETE,2019,2,95.2
MICHEWENI,2019,2,95.2
CHAKE-CHAKE,2019,2,95.2
MKOANI,2019,2,95.2
MAGHARIBI  B,2019,2,95.2
KUSINI,2019,2,95.2
MJINI,2019,2,95.2
KASKAZINI B,2019,2,95.2
MAGHARIBI  A,2019,2,95.2
KASKAZINI A,2019,2,95.2
KATI,2019,2,95.2
WETE,2019,3,95.2
MICHEWENI,2019,3,95.2
CHAKE-CHAKE,2019,3,95.2
MKOANI,2019,3,95.2
MAGHARIBI  B,2019,3,95.2
KUSINI,2019,3,95.2
MJINI,2019,3,95.2
KASKAZINI B,2019,3,95.2
MAGHARIBI  A,2019,3,95.2
KASKAZINI A,2019,3,95.2
KATI,2019,3,95.2
WETE,2019,4,95.2
MICHEWENI,2019,4,95.2
CHAKE-CHAKE,2019,4,95.2
MKOANI,2019,4,95.2
MAGHARIBI  B,2019,4,95.2
KUSINI,2019,4,95.2
MJINI,2019,4,95.2
KASKAZINI B,2019,4,95.2
MAGHARIBI  A,2019,4,95.2
KASKAZINI A,2019,4,95.2
KATI,2019,4,95.2
WETE,2019,5,95.2
MICHEWENI,2019,5,95.2
CHAKE-CHAKE,2019,5,95.2
MKOANI,2019,5,95.2
MAGHARIBI  B,2019,5,95.2
KUSINI,2019,5,95.2
MJINI,2019,5,95.2
KASKAZINI B,2019,5,95.2
MAGHARIBI  A,2019,5,95.2
KASKAZINI A,2019,5,95.2
KATI,2019,5,95.2
WETE,2019,6,95.2
MICHEWENI,2019,6,95.2
CHAKE-CHAKE,2019,6,95.2
MKOANI,2019,6,95.2
MAGHARIBI  B,2019,6,95.2
KUSINI,2019,6,95.2
MJINI,2019,6,95.2
KASKAZINI B,2019,6,95.2
MAGHARIBI  A,2019,6,95.2
KASKAZINI A,2019,6,95.2
KATI,2019,6,95.2
WETE,2019,7,95.2
MICHEWENI,2019,7,95.2
CHAKE-CHAKE,2019,7,95.2
MKOANI,2019,7,95.2
MAGHARIBI  B,2019,7,95.2
KUSINI,2019,7,95.2
MJINI,2019,7,95.2
KASKAZINI B,2019,7,95.2
MAGHARIBI  A,2019,7,95.2
KASKAZINI A,2019,7,95.2
KATI,2019,7,95.2
WETE,2019,8,95.2
MICHEWENI,2019,8,95.2
CHAKE-CHAKE,2019,8,95.2
MKOANI,2019,8,95.2
MAGHARIBI  B,2019,8,95.2
KUSINI,2019,8,95.2
MJINI,2019,8,95.2
KASKAZINI B,2019,8,95.2
MAGHARIBI  A,2019,8,95.2
KASKAZINI A,2019,8,95.2
KATI,2019,8,95.2
WETE,2019,9,95.2
MICHEWENI,2019,9,95.2
CHAKE-CHAKE,2019,9,95.2
MKOANI,2019,9,95.2
MAGHARIBI  B,2019,9,95.2
KUSINI,2019,9,95.2
MJINI,2019,9,95.2
KASKAZINI B,2019,9,95.2
MAGHARIBI  A,2019,9,95.2
KASKAZINI A,2019,9,95.2
KATI,2019,9,95.2
WETE,2019,10,95.2
MICHEWENI,2019,10,95.2
CHAKE-CHAKE,2019,10,95.2
MKOANI,2019,10,95.2
MAGHARIBI  B,2019,10,95.2
KUSINI,2019,10,95.2
MJINI,2019,10,95.2
KASKAZINI B,2019,10,95.2
MAGHARIBI  A,2019,10,95.2
KASKAZINI A,2019,10,95.2
KATI,2019,10,95.2
WETE,2019,11,95.2
MICHEWENI,2019,11,95.2
CHAKE-CHAKE,2019,11,95.2
MKOANI,2019,11,95.2
MAGHARIBI  B,2019,11,95.2
KUSINI,2019,11,95.2
MJINI,2019,11,95.2
KASKAZINI B,2019,11,95.2
MAGHARIBI  A,2019,11,95.2
KASKAZINI A,2019,11,95.2
KATI,2019,11,95.2
WETE,2019,12,95.2
MICHEWENI,2019,12,95.2
CHAKE-CHAKE,2019,12,95.2
MKOANI,2019,12,95.2
MAGHARIBI  B,2019,12,95.2
KUSINI,2019,12,95.2
MJINI,2019,12,95.2
KASKAZINI B,2019,12,95.2
MAGHARIBI  A,2019,12,95.2
KASKAZINI A,2019,12,95.2
KATI,2019,12,95.2
WETE,2019,13,95.2
MICHEWENI,2019,13,95.2
CHAKE-CHAKE,2019,13,95.2
MKOANI,2019,13,95.2
MAGHARIBI  B,2019,13,95.2
KUSINI,2019,13,95.2
MJINI,2019,13,95.2
KASKAZINI B,2019,13,95.2
MAGHARIBI  A,2019,13,95.2
KASKAZINI A,2019,13,95.2
KATI,2019,13,95.2
WETE,2019,14,95.2
MICHEWENI,2019,14,95.2
CHAKE-CHAKE,2019,14,95.2
MKOANI,2019,14,95.2
MAGHARIBI  B,2019,14,95.2
KUSINI,2019,14,95.2
MJINI,2019,14,95.2
KASKAZINI B,2019,14,95.2
MAGHARIBI  A,2019,14,95.2
KASKAZINI A,2019,14,95.2
KATI,2019,14,95.2
WETE,2019,15,95.2
MICHEWENI,2019,15,95.2
CHAKE-CHAKE,2019,15,95.2
MKOANI,2019,15,95.2
MAGHARIBI  B,2019,15,95.2
KUSINI,2019,15,95.2
MJINI,2019,15,95.2
KASKAZINI B,2019,15,95.2
MAGHARIBI  A,2019,15,95.2
KASKAZINI A,2019,15,95.2
KATI,2019,15,95.2
WETE,2019,16,95.2
MICHEWENI,2019,16,95.2
CHAKE-CHAKE,2019,16,95.2
MKOANI,2019,16,95.2
MAGHARIBI  B,2019,16,95.2
KUSINI,2019,16,95.2
MJINI,2019,16,95.2
KASKAZINI B,2019,16,95.2
MAGHARIBI  A,2019,16,95.2
KASKAZINI A,2019,16,95.2
KATI,2019,16,95.2
WETE,2019,17,95.2
MICHEWENI,2019,17,95.2
CHAKE-CHAKE,2019,17,95.2
MKOANI,2019,17,95.2
MAGHARIBI  B,2019,17,95.2
KUSINI,2019,17,95.2
MJINI,2019,17,95.2
KASKAZINI B,2019,17,95.2
MAGHARIBI  A,2019,17,95.2
KASKAZINI A,2019,17,95.2
KATI,2019,17,95.2
WETE,2019,18,95.2
MICHEWENI,2019,18,95.2
CHAKE-CHAKE,2019,18,95.2
MKOANI,2019,18,95.2
MAGHARIBI  B,2019,18,95.2
KUSINI,2019,18,95.2
MJINI,2019,18,95.2
KASKAZINI B,2019,18,95.2
MAGHARIBI  A,2019,18,95.2
KASKAZINI A,2019,18,95.2
KATI,2019,18,95.2
WETE,2019,19,95.2
MICHEWENI,2019,19,95.2
CHAKE-CHAKE,2019,19,95.2
MKOANI,2019,19,95.2
MAGHARIBI  B,2019,19,95.2
KUSINI,2019,19,95.2
MJINI,2019,19,95.2
KASKAZINI B,2019,19,95.2
MAGHARIBI  A,2019,19,95.2
KASKAZINI A,2019,19,95.2
KATI,2019,19,95.2
WETE,2019,20,95.2
MICHEWENI,2019,20,95.2
CHAKE-CHAKE,2019,20,95.2
MKOANI,2019,20,95.2
MAGHARIBI  B,2019,20,95.2
KUSINI,2019,20,95.2
MJINI,2019,20,95.2
KASKAZINI B,2019,20,95.2
MAGHARIBI  A,2019,20,95.2
KASKAZINI A,2019,20,95.2
KATI,2019,20,95.2
WETE,2019,21,95.2
MICHEWENI,2019,21,95.2
CHAKE-CHAKE,2019,21,95.2
MKOANI,2019,21,95.2
MAGHARIBI  B,2019,21,95.2
KUSINI,2019,21,95.2
MJINI,2019,21,95.2
KASKAZINI B,2019,21,95.2
MAGHARIBI  A,2019,21,95.2
KASKAZINI A,2019,21,95.2
KATI,2019,21,95.2
WETE,2019,22,95.2
MICHEWENI,2019,22,95.2
CHAKE-CHAKE,2019,22,95.2
MKOANI,2019,22,95.2
MAGHARIBI  B,2019,22,95.2
KUSINI,2019,22,95.2
MJINI,2019,22,95.2
KASKAZINI B,2019,22,95.2
MAGHARIBI  A,2019,22,95.2
KASKAZINI A,2019,22,95.2
KATI,2019,22,95.2
WETE,2019,23,95.2
MICHEWENI,2019,23,95.2
CHAKE-CHAKE,2019,23,95.2
MKOANI,2019,23,95.2
MAGHARIBI  B,2019,23,95.2
KUSINI,2019,23,95.2
MJINI,2019,23,95.2
KASKAZINI B,2019,23,95.2
MAGHARIBI  A,2019,23,95.2
KASKAZINI A,2019,23,95.2
KATI,2019,23,95.2
WETE,2019,24,95.2
MICHEWENI,2019,24,95.2
CHAKE-CHAKE,2019,24,95.2
MKOANI,2019,24,95.2
MAGHARIBI  B,2019,24,95.2
KUSINI,2019,24,95.2
MJINI,2019,24,95.2
KASKAZINI B,2019,24,95.2
MAGHARIBI  A,2019,24,95.2
KASKAZINI A,2019,24,95.2
KATI,2019,24,95.2
WETE,2019,25,95.2
MICHEWENI,2019,25,95.2
CHAKE-CHAKE,2019,25,95.2
MKOANI,2019,25,95.2
MAGHARIBI  B,2019,25,95.2
KUSINI,2019,25,95.2
MJINI,2019,25,95.2
KASKAZINI B,2019,25,95.2
MAGHARIBI  A,2019,25,95.2
KASKAZINI A,2019,25,95.2
KATI,2019,25,95.2
WETE,2019,26,95.2
MICHEWENI,2019,26,95.2
CHAKE-CHAKE,2019,26,95.2
MKOANI,2019,26,95.2
MAGHARIBI  B,2019,26,95.2
KUSINI,2019,26,95.2
MJINI,2019,26,95.2
KASKAZINI B,2019,26,95.2
MAGHARIBI  A,2019,26,95.2
KASKAZINI A,2019,26,95.2
KATI,2019,26,95.2
WETE,2019,27,95.2
MICHEWENI,2019,27,95.2
CHAKE-CHAKE,2019,27,95.2
MKOANI,2019,27,95.2
MAGHARIBI  B,2019,27,95.2
KUSINI,2019,27,95.2
MJINI,2019,27,95.2
KASKAZINI B,2019,27,95.2
MAGHARIBI  A,2019,27,95.2
KASKAZINI A,2019,27,95.2
KATI,2019,27,95.2
WETE,2019,28,95.2
MICHEWENI,2019,28,95.2
CHAKE-CHAKE,2019,28,95.2
MKOANI,2019,28,95.2
MAGHARIBI  B,2019,28,95.2
KUSINI,2019,28,95.2
MJINI,2019,28,95.2
KASKAZINI B,2019,28,95.2
MAGHARIBI  A,2019,28,95.2
KASKAZINI A,2019,28,95.2
KATI,2019,28,95.2
WETE,2019,29,95.2
MICHEWENI,2019,29,95.2
CHAKE-CHAKE,2019,29,95.2
MKOANI,2019,29,95.2
MAGHARIBI  B,2019,29,95.2
KUSINI,2019,29,95.2
MJINI,2019,29,95.2
KASKAZINI B,2019,29,95.2
MAGHARIBI  A,2019,29,95.2
KASKAZINI A,2019,29,95.2
KATI,2019,29,95.2
WETE,2019,30,95.2
MICHEWENI,2019,30,95.2
CHAKE-CHAKE,2019,30,95.2
MKOANI,2019,30,95.2
MAGHARIBI  B,2019,30,95.2
KUSINI,2019,30,95.2
MJINI,2019,30,95.2
KASKAZINI B,2019,30,95.2
MAGHARIBI  A,2019,30,95.2
KASKAZINI A,2019,30,95.2
KATI,2019,30,95.2
WETE,2019,31,95.2
MICHEWENI,2019,31,95.2
CHAKE-CHAKE,2019,31,95.2
MKOANI,2019,31,95.2
MAGHARIBI  B,2019,31,95.2
KUSINI,2019,31,95.2
MJINI,2019,31,95.2
KASKAZINI B,2019,31,95.2
MAGHARIBI  A,2019,31,95.2
KASKAZINI A,2019,31,95.2
KATI,2019,31,95.2
WETE,2019,32,95.2
MICHEWENI,2019,32,95.2
CHAKE-CHAKE,2019,32,95.2
MKOANI,2019,32,95.2
MAGHARIBI  B,2019,32,95.2
KUSINI,2019,32,95.2
MJINI,2019,32,95.2
KASKAZINI B,2019,32,95.2
MAGHARIBI  A,2019,32,95.2
KASKAZINI A,2019,32,95.2
KATI,2019,32,95.2
WETE,2019,33,95.2
MICHEWENI,2019,33,95.2
CHAKE-CHAKE,2019,33,95.2
MKOANI,2019,33,95.2
MAGHARIBI  B,2019,33,95.2
KUSINI,2019,33,95.2
MJINI,2019,33,95.2
KASKAZINI B,2019,33,95.2
MAGHARIBI  A,2019,33,95.2
KASKAZINI A,2019,33,95.2
KATI,2019,33,95.2
WETE,2019,34,95.2
MICHEWENI,2019,34,95.2
CHAKE-CHAKE,2019,34,95.2
MKOANI,2019,34,95.2
MAGHARIBI  B,2019,34,95.2
KUSINI,2019,34,95.2
MJINI,2019,34,95.2
KASKAZINI B,2019,34,95.2
MAGHARIBI  A,2019,34,95.2
KASKAZINI A,2019,34,95.2
KATI,2019,34,95.2
WETE,2019,35,95.2
MICHEWENI,2019,35,95.2
CHAKE-CHAKE,2019,35,95.2
MKOANI,2019,35,95.2
MAGHARIBI  B,2019,35,95.2
KUSINI,2019,35,95.2
MJINI,2019,35,95.2
KASKAZINI B,2019,35,95.2
MAGHARIBI  A,2019,35,95.2
KASKAZINI A,2019,35,95.2
KATI,2019,35,95.2
WETE,2019,36,95.2
MICHEWENI,2019,36,95.2
CHAKE-CHAKE,2019,36,95.2
MKOANI,2019,36,95.2
MAGHARIBI  B,2019,36,95.2
KUSINI,2019,36,95.2
MJINI,2019,36,95.2
KASKAZINI B,2019,36,95.2
MAGHARIBI  A,2019,36,95.2
KASKAZINI A,2019,36,95.2
KATI,2019,36,95.2
WETE,2019,37,95.2
MICHEWENI,2019,37,95.2
CHAKE-CHAKE,2019,37,95.2
MKOANI,2019,37,95.2
MAGHARIBI  B,2019,37,95.2
KUSINI,2019,37,95.2
MJINI,2019,37,95.2
KASKAZINI B,2019,37,95.2
MAGHARIBI  A,2019,37,95.2
KASKAZINI A,2019,37,95.2
KATI,2019,37,95.2
WETE,2019,38,95.2
MICHEWENI,2019,38,95.2
CHAKE-CHAKE,2019,38,95.2
MKOANI,2019,38,95.2
MAGHARIBI  B,2019,38,95.2
KUSINI,2019,38,95.2
MJINI,2019,38,95.2
KASKAZINI B,2019,38,95.2
MAGHARIBI  A,2019,38,95.2
KASKAZINI A,2019,38,95.2
KATI,2019,38,95.2
WETE,2019,39,95.2
MICHEWENI,2019,39,95.2
CHAKE-CHAKE,2019,39,95.2
MKOANI,2019,39,95.2
MAGHARIBI  B,2019,39,95.2
KUSINI,2019,39,95.2
MJINI,2019,39,95.2
KASKAZINI B,2019,39,95.2
MAGHARIBI  A,2019,39,95.2
KASKAZINI A,2019,39,95.2
KATI,2019,39,95.2
WETE,2019,40,95.2
MICHEWENI,2019,40,95.2
CHAKE-CHAKE,2019,40,95.2
MKOANI,2019,40,95.2
MAGHARIBI  B,2019,40,95.2
KUSINI,2019,40,95.2
MJINI,2019,40,95.2
KASKAZINI B,2019,40,95.2
MAGHARIBI  A,2019,40,95.2
KASKAZINI A,2019,40,95.2
KATI,2019,40,95.2
WETE,2019,41,95.2
MICHEWENI,2019,41,95.2
CHAKE-CHAKE,2019,41,95.2
MKOANI,2019,41,95.2
MAGHARIBI  B,2019,41,95.2
KUSINI,2019,41,95.2
MJINI,2019,41,95.2
KASKAZINI B,2019,41,95.2
MAGHARIBI  A,2019,41,95.2
KASKAZINI A,2019,41,95.2
KATI,2019,41,95.2
WETE,2019,42,95.2
MICHEWENI,2019,42,95.2
CHAKE-CHAKE,2019,42,95.2
MKOANI,2019,42,95.2
MAGHARIBI  B,2019,42,95.2
KUSINI,2019,42,95.2
MJINI,2019,42,95.2
KASKAZINI B,2019,42,95.2
MAGHARIBI  A,2019,42,95.2
KASKAZINI A,2019,42,95.2
KATI,2019,42,95.2
WETE,2019,43,95.2
MICHEWENI,2019,43,95.2
CHAKE-CHAKE,2019,43,95.2
MKOANI,2019,43,95.2
MAGHARIBI  B,2019,43,95.2
KUSINI,2019,43,95.2
MJINI,2019,43,95.2
KASKAZINI B,2019,43,95.2
MAGHARIBI  A,2019,43,95.2
KASKAZINI A,2019,43,95.2
KATI,2019,43,95.2
WETE,2019,44,95.2
MICHEWENI,2019,44,95.2
CHAKE-CHAKE,2019,44,95.2
MKOANI,2019,44,95.2
MAGHARIBI  B,2019,44,95.2
KUSINI,2019,44,95.2
MJINI,2019,44,95.2
KASKAZINI B,2019,44,95.2
MAGHARIBI  A,2019,44,95.2
KASKAZINI A,2019,44,95.2
KATI,2019,44,95.2
WETE,2019,45,95.2
MICHEWENI,2019,45,95.2
CHAKE-CHAKE,2019,45,95.2
MKOANI,2019,45,95.2
MAGHARIBI  B,2019,45,95.2
KUSINI,2019,45,95.2
MJINI,2019,45,95.2
KASKAZINI B,2019,45,95.2
MAGHARIBI  A,2019,45,95.2
KASKAZINI A,2019,45,95.2
KATI,2019,45,95.2
WETE,2019,46,95.2
MICHEWENI,2019,46,95.2
CHAKE-CHAKE,2019,46,95.2
MKOANI,2019,46,95.2
MAGHARIBI  B,2019,46,95.2
KUSINI,2019,46,95.2
MJINI,2019,46,95.2
KASKAZINI B,2019,46,95.2
MAGHARIBI  A,2019,46,95.2
KASKAZINI A,2019,46,95.2
KATI,2019,46,95.2
WETE,2019,47,95.2
MICHEWENI,2019,47,95.2
CHAKE-CHAKE,2019,47,95.2
MKOANI,2019,47,95.2
MAGHARIBI  B,2019,47,95.2
KUSINI,2019,47,95.2
MJINI,2019,47,95.2
KASKAZINI B,2019,47,95.2
MAGHARIBI  A,2019,47,95.2
KASKAZINI A,2019,47,95.2
KATI,2019,47,95.2
WETE,2019,48,95.2
MICHEWENI,2019,48,95.2
CHAKE-CHAKE,2019,48,95.2
MKOANI,2019,48,95.2
MAGHARIBI  B,2019,48,95.2
KUSINI,2019,48,95.2
MJINI,2019,48,95.2
KASKAZINI B,2019,48,95.2
MAGHARIBI  A,2019,48,95.2
KASKAZINI A,2019,48,95.2
KATI,2019,48,95.2
WETE,2019,49,95.2
MICHEWENI,2019,49,95.2
CHAKE-CHAKE,2019,49,95.2
MKOANI,2019,49,95.2
MAGHARIBI  B,2019,49,95.2
KUSINI,2019,49,95.2
MJINI,2019,49,95.2
KASKAZINI B,2019,49,95.2
MAGHARIBI  A,2019,49,95.2
KASKAZINI A,2019,49,95.2
KATI,2019,49,95.2
WETE,2019,50,95.2
MICHEWENI,2019,50,95.2
CHAKE-CHAKE,2019,50,95.2
MKOANI,2019,50,95.2
MAGHARIBI  B,2019,50,95.2
KUSINI,2019,50,95.2
MJINI,2019,50,95.2
KASKAZINI B,2019,50,95.2
MAGHARIBI  A,2019,50,95.2
KASKAZINI A,2019,50,95.2
KATI,2019,50,95.2
WETE,2019,51,95.2
MICHEWENI,2019,51,95.2
CHAKE-CHAKE,2019,51,95.2
MKOANI,2019,51,95.2
MAGHARIBI  B,2019,51,95.2
KUSINI,2019,51,95.2
MJINI,2019,51,95.2
KASKAZINI B,2019,51,95.2
MAGHARIBI  A,2019,51,95.2
KASKAZINI A,2019,51,95.2
KATI,2019,51,95.2
WETE,2019,52,95.2
MICHEWENI,2019,52,95.2
CHAKE-CHAKE,2019,52,95.2
MKOANI,2019,52,95.2
MAGHARIBI  B,2019,52,95.2
KUSINI,2019,52,95.2
MJINI,2019,52,95.2
KASKAZINI B,2019,52,95.2
MAGHARIBI  A,2019,52,95.2
KASKAZINI A,2019,52,95.2
KATI,2019,52,95.2
WETE,2020,1,96.9
MICHEWENI,2020,1,96.9
CHAKE-CHAKE,2020,1,96.9
MKOANI,2020,1,96.9
MAGHARIBI  B,2020,1,96.9
KUSINI,2020,1,96.9
MJINI,2020,1,96.9
KASKAZINI B,2020,1,96.9
MAGHARIBI  A,2020,1,96.9
KASKAZINI A,2020,1,96.9
KATI,2020,1,96.9
WETE,2020,2,96.9
MICHEWENI,2020,2,96.9
CHAKE-CHAKE,2020,2,96.9
MKOANI,2020,2,96.9
MAGHARIBI  B,2020,2,96.9
KUSINI,2020,2,96.9
MJINI,2020,2,96.9
KASKAZINI B,2020,2,96.9
MAGHARIBI  A,2020,2,96.9
KASKAZINI A,2020,2,96.9
KATI,2020,2,96.9
WETE,2020,3,96.9
MICHEWENI,2020,3,96.9
CHAKE-CHAKE,2020,3,96.9
MKOANI,2020,3,96.9
MAGHARIBI  B,2020,3,96.9
KUSINI,2020,3,96.9
MJINI,2020,3,96.9
KASKAZINI B,2020,3,96.9
MAGHARIBI  A,2020,3,96.9
KASKAZINI A,2020,3,96.9
KATI,2020,3,96.9
WETE,2020,4,96.9
MICHEWENI,2020,4,96.9
CHAKE-CHAKE,2020,4,96.9
MKOANI,2020,4,96.9
MAGHARIBI  B,2020,4,96.9
KUSINI,2020,4,96.9
MJINI,2020,4,96.9
KASKAZINI B,2020,4,96.9
MAGHARIBI  A,2020,4,96.9
KASKAZINI A,2020,4,96.9
KATI,2020,4,96.9
WETE,2020,5,96.9
MICHEWENI,2020,5,96.9
CHAKE-CHAKE,2020,5,96.9
MKOANI,2020,5,96.9
MAGHARIBI  B,2020,5,96.9
KUSINI,2020,5,96.9
MJINI,2020,5,96.9
KASKAZINI B,2020,5,96.9
MAGHARIBI  A,2020,5,96.9
KASKAZINI A,2020,5,96.9
KATI,2020,5,96.9
WETE,2020,6,96.9
MICHEWENI,2020,6,96.9
CHAKE-CHAKE,2020,6,96.9
MKOANI,2020,6,96.9
MAGHARIBI  B,2020,6,96.9
KUSINI,2020,6,96.9
MJINI,2020,6,96.9
KASKAZINI B,2020,6,96.9
MAGHARIBI  A,2020,6,96.9
KASKAZINI A,2020,6,96.9
KATI,2020,6,96.9
WETE,2020,7,96.9
MICHEWENI,2020,7,96.9
CHAKE-CHAKE,2020,7,96.9
MKOANI,2020,7,96.9
MAGHARIBI  B,2020,7,96.9
KUSINI,2020,7,96.9
MJINI,2020,7,96.9
KASKAZINI B,2020,7,96.9
MAGHARIBI  A,2020,7,96.9
KASKAZINI A,2020,7,96.9
KATI,2020,7,96.9
WETE,2020,8,96.9
MICHEWENI,2020,8,96.9
CHAKE-CHAKE,2020,8,96.9
MKOANI,2020,8,96.9
MAGHARIBI  B,2020,8,96.9
KUSINI,2020,8,96.9
MJINI,2020,8,96.9
KASKAZINI B,2020,8,96.9
MAGHARIBI  A,2020,8,96.9
KASKAZINI A,2020,8,96.9
KATI,2020,8,96.9
WETE,2020,9,96.9
MICHEWENI,2020,9,96.9
CHAKE-CHAKE,2020,9,96.9
MKOANI,2020,9,96.9
MAGHARIBI  B,2020,9,96.9
KUSINI,2020,9,96.9
MJINI,2020,9,96.9
KASKAZINI B,2020,9,96.9
MAGHARIBI  A,2020,9,96.9
KASKAZINI A,2020,9,96.9
KATI,2020,9,96.9
WETE,2020,10,96.9
MICHEWENI,2020,10,96.9
CHAKE-CHAKE,2020,10,96.9
MKOANI,2020,10,96.9
MAGHARIBI  B,2020,10,96.9
KUSINI,2020,10,96.9
MJINI,2020,10,96.9
KASKAZINI B,2020,10,96.9
MAGHARIBI  A,2020,10,96.9
KASKAZINI A,2020,10,96.9
KATI,2020,10,96.9
WETE,2020,11,96.9
MICHEWENI,2020,11,96.9
CHAKE-CHAKE,2020,11,96.9
MKOANI,2020,11,96.9
MAGHARIBI  B,2020,11,96.9
KUSINI,2020,11,96.9
MJINI,2020,11,96.9
KASKAZINI B,2020,11,96.9
MAGHARIBI  A,2020,11,96.9
KASKAZINI A,2020,11,96.9
KATI,2020,11,96.9
WETE,2020,12,96.9
MICHEWENI,2020,12,96.9
CHAKE-CHAKE,2020,12,96.9
MKOANI,2020,12,96.9
MAGHARIBI  B,2020,12,96.9
KUSINI,2020,12,96.9
MJINI,2020,12,96.9
KASKAZINI B,2020,12,96.9
MAGHARIBI  A,2020,12,96.9
KASKAZINI A,2020,12,96.9
KATI,2020,12,96.9
WETE,2020,13,96.9
MICHEWENI,2020,13,96.9
CHAKE-CHAKE,2020,13,96.9
MKOANI,2020,13,96.9
MAGHARIBI  B,2020,13,96.9
KUSINI,2020,13,96.9
MJINI,2020,13,96.9
KASKAZINI B,2020,13,96.9
MAGHARIBI  A,2020,13,96.9
KASKAZINI A,2020,13,96.9
KATI,2020,13,96.9
WETE,2020,14,96.9
MICHEWENI,2020,14,96.9
CHAKE-CHAKE,2020,14,96.9
MKOANI,2020,14,96.9
MAGHARIBI  B,2020,14,96.9
KUSINI,2020,14,96.9
MJINI,2020,14,96.9
KASKAZINI B,2020,14,96.9
MAGHARIBI  A,2020,14,96.9
KASKAZINI A,2020,14,96.9
KATI,2020,14,96.9
WETE,2020,15,96.9
MICHEWENI,2020,15,96.9
CHAKE-CHAKE,2020,15,96.9
MKOANI,2020,15,96.9
MAGHARIBI  B,2020,15,96.9
KUSINI,2020,15,96.9
MJINI,2020,15,96.9
KASKAZINI B,2020,15,96.9
MAGHARIBI  A,2020,15,96.9
KASKAZINI A,2020,15,96.9
KATI,2020,15,96.9
WETE,2020,16,96.9
MICHEWENI,2020,16,96.9
CHAKE-CHAKE,2020,16,96.9
MKOANI,2020,16,96.9
MAGHARIBI  B,2020,16,96.9
KUSINI,2020,16,96.9
MJINI,2020,16,96.9
KASKAZINI B,2020,16,96.9
MAGHARIBI  A,2020,16,96.9
KASKAZINI A,2020,16,96.9
KATI,2020,16,96.9
WETE,2020,17,96.9
MICHEWENI,2020,17,96.9
CHAKE-CHAKE,2020,17,96.9
MKOANI,2020,17,96.9
MAGHARIBI  B,2020,17,96.9
KUSINI,2020,17,96.9
MJINI,2020,17,96.9
KASKAZINI B,2020,17,96.9
MAGHARIBI  A,2020,17,96.9
KASKAZINI A,2020,17,96.9
KATI,2020,17,96.9
WETE,2020,18,96.9
MICHEWENI,2020,18,96.9
CHAKE-CHAKE,2020,18,96.9
MKOANI,2020,18,96.9
MAGHARIBI  B,2020,18,96.9
KUSINI,2020,18,96.9
MJINI,2020,18,96.9
KASKAZINI B,2020,18,96.9
MAGHARIBI  A,2020,18,96.9
KASKAZINI A,2020,18,96.9
KATI,2020,18,96.9
WETE,2020,19,96.9
MICHEWENI,2020,19,96.9
CHAKE-CHAKE,2020,19,96.9
MKOANI,2020,19,96.9
MAGHARIBI  B,2020,19,96.9
KUSINI,2020,19,96.9
MJINI,2020,19,96.9
KASKAZINI B,2020,19,96.9
MAGHARIBI  A,2020,19,96.9
KASKAZINI A,2020,19,96.9
KATI,2020,19,96.9
WETE,2020,20,96.9
MICHEWENI,2020,20,96.9
CHAKE-CHAKE,2020,20,96.9
MKOANI,2020,20,96.9
MAGHARIBI  B,2020,20,96.9
KUSINI,2020,20,96.9
MJINI,2020,20,96.9
KASKAZINI B,2020,20,96.9
MAGHARIBI  A,2020,20,96.9
KASKAZINI A,2020,20,96.9
KATI,2020,20,96.9
WETE,2020,21,96.9
MICHEWENI,2020,21,96.9
CHAKE-CHAKE,2020,21,96.9
MKOANI,2020,21,96.9
MAGHARIBI  B,2020,21,96.9
KUSINI,2020,21,96.9
MJINI,2020,21,96.9
KASKAZINI B,2020,21,96.9
MAGHARIBI  A,2020,21,96.9
KASKAZINI A,2020,21,96.9
KATI,2020,21,96.9
WETE,2020,22,96.9
MICHEWENI,2020,22,96.9
CHAKE-CHAKE,2020,22,96.9
MKOANI,2020,22,96.9
MAGHARIBI  B,2020,22,96.9
KUSINI,2020,22,96.9
MJINI,2020,22,96.9
KASKAZINI B,2020,22,96.9
MAGHARIBI  A,2020,22,96.9
KASKAZINI A,2020,22,96.9
KATI,2020,22,96.9
WETE,2020,23,96.9
MICHEWENI,2020,23,96.9
CHAKE-CHAKE,2020,23,96.9
MKOANI,2020,23,96.9
MAGHARIBI  B,2020,23,96.9
KUSINI,2020,23,96.9
MJINI,2020,23,96.9
KASKAZINI B,2020,23,96.9
MAGHARIBI  A,2020,23,96.9
KASKAZINI A,2020,23,96.9
KATI,2020,23,96.9
WETE,2020,24,96.9
MICHEWENI,2020,24,96.9
CHAKE-CHAKE,2020,24,96.9
MKOANI,2020,24,96.9
MAGHARIBI  B,2020,24,96.9
KUSINI,2020,24,96.9
MJINI,2020,24,96.9
KASKAZINI B,2020,24,96.9
MAGHARIBI  A,2020,24,96.9
KASKAZINI A,2020,24,96.9
KATI,2020,24,96.9
WETE,2020,25,96.9
MICHEWENI,2020,25,96.9
CHAKE-CHAKE,2020,25,96.9
MKOANI,2020,25,96.9
MAGHARIBI  B,2020,25,96.9
KUSINI,2020,25,96.9
MJINI,2020,25,96.9
KASKAZINI B,2020,25,96.9
MAGHARIBI  A,2020,25,96.9
KASKAZINI A,2020,25,96.9
KATI,2020,25,96.9
WETE,2020,26,96.9
MICHEWENI,2020,26,96.9
CHAKE-CHAKE,2020,26,96.9
MKOANI,2020,26,96.9
MAGHARIBI  B,2020,26,96.9
KUSINI,2020,26,96.9
MJINI,2020,26,96.9
KASKAZINI B,2020,26,96.9
MAGHARIBI  A,2020,26,96.9
KASKAZINI A,2020,26,96.9
KATI,2020,26,96.9
WETE,2020,27,96.9
MICHEWENI,2020,27,96.9
CHAKE-CHAKE,2020,27,96.9
MKOANI,2020,27,96.9
MAGHARIBI  B,2020,27,96.9
KUSINI,2020,27,96.9
MJINI,2020,27,96.9
KASKAZINI B,2020,27,96.9
MAGHARIBI  A,2020,27,96.9
KASKAZINI A,2020,27,96.9
KATI,2020,27,96.9
WETE,2020,28,96.9
MICHEWENI,2020,28,96.9
CHAKE-CHAKE,2020,28,96.9
MKOANI,2020,28,96.9
MAGHARIBI  B,2020,28,96.9
KUSINI,2020,28,96.9
MJINI,2020,28,96.9
KASKAZINI B,2020,28,96.9
MAGHARIBI  A,2020,28,96.9
KASKAZINI A,2020,28,96.9
KATI,2020,28,96.9
WETE,2020,29,96.9
MICHEWENI,2020,29,96.9
CHAKE-CHAKE,2020,29,96.9
MKOANI,2020,29,96.9
MAGHARIBI  B,2020,29,96.9
KUSINI,2020,29,96.9
MJINI,2020,29,96.9
KASKAZINI B,2020,29,96.9
MAGHARIBI  A,2020,29,96.9
KASKAZINI A,2020,29,96.9
KATI,2020,29,96.9
WETE,2020,30,96.9
MICHEWENI,2020,30,96.9
CHAKE-CHAKE,2020,30,96.9
MKOANI,2020,30,96.9
MAGHARIBI  B,2020,30,96.9
KUSINI,2020,30,96.9
MJINI,2020,30,96.9
KASKAZINI B,2020,30,96.9
MAGHARIBI  A,2020,30,96.9
KASKAZINI A,2020,30,96.9
KATI,2020,30,96.9
WETE,2020,31,96.9
MICHEWENI,2020,31,96.9
CHAKE-CHAKE,2020,31,96.9
MKOANI,2020,31,96.9
MAGHARIBI  B,2020,31,96.9
KUSINI,2020,31,96.9
MJINI,2020,31,96.9
KASKAZINI B,2020,31,96.9
MAGHARIBI  A,2020,31,96.9
KASKAZINI A,2020,31,96.9
KATI,2020,31,96.9
WETE,2020,32,96.9
MICHEWENI,2020,32,96.9
CHAKE-CHAKE,2020,32,96.9
MKOANI,2020,32,96.9
MAGHARIBI  B,2020,32,96.9
KUSINI,2020,32,96.9
MJINI,2020,32,96.9
KASKAZINI B,2020,32,96.9
MAGHARIBI  A,2020,32,96.9
KASKAZINI A,2020,32,96.9
KATI,2020,32,96.9
WETE,2020,33,96.9
MICHEWENI,2020,33,96.9
CHAKE-CHAKE,2020,33,96.9
MKOANI,2020,33,96.9
MAGHARIBI  B,2020,33,96.9
KUSINI,2020,33,96.9
MJINI,2020,33,96.9
KASKAZINI B,2020,33,96.9
MAGHARIBI  A,2020,33,96.9
KASKAZINI A,2020,33,96.9
KATI,2020,33,96.9
WETE,2020,34,96.9
MICHEWENI,2020,34,96.9
CHAKE-CHAKE,2020,34,96.9
MKOANI,2020,34,96.9
MAGHARIBI  B,2020,34,96.9
KUSINI,2020,34,96.9
MJINI,2020,34,96.9
KASKAZINI B,2020,34,96.9
MAGHARIBI  A,2020,34,96.9
KASKAZINI A,2020,34,96.9
KATI,2020,34,96.9
WETE,2020,35,96.9
MICHEWENI,2020,35,96.9
CHAKE-CHAKE,2020,35,96.9
MKOANI,2020,35,96.9
MAGHARIBI  B,2020,35,96.9
KUSINI,2020,35,96.9
MJINI,2020,35,96.9
KASKAZINI B,2020,35,96.9
MAGHARIBI  A,2020,35,96.9
KASKAZINI A,2020,35,96.9
KATI,2020,35,96.9
WETE,2020,36,96.9
MICHEWENI,2020,36,96.9
CHAKE-CHAKE,2020,36,96.9
MKOANI,2020,36,96.9
MAGHARIBI  B,2020,36,96.9
KUSINI,2020,36,96.9
MJINI,2020,36,96.9
KASKAZINI B,2020,36,96.9
MAGHARIBI  A,2020,36,96.9
KASKAZINI A,2020,36,96.9
KATI,2020,36,96.9
WETE,2020,37,96.9
MICHEWENI,2020,37,96.9
CHAKE-CHAKE,2020,37,96.9
MKOANI,2020,37,96.9
MAGHARIBI  B,2020,37,96.9
KUSINI,2020,37,96.9
MJINI,2020,37,96.9
KASKAZINI B,2020,37,96.9
MAGHARIBI  A,2020,37,96.9
KASKAZINI A,2020,37,96.9
KATI,2020,37,96.9
WETE,2020,38,96.9
MICHEWENI,2020,38,96.9
CHAKE-CHAKE,2020,38,96.9
MKOANI,2020,38,96.9
MAGHARIBI  B,2020,38,96.9
KUSINI,2020,38,96.9
MJINI,2020,38,96.9
KASKAZINI B,2020,38,96.9
MAGHARIBI  A,2020,38,96.9
KASKAZINI A,2020,38,96.9
KATI,2020,38,96.9
WETE,2020,39,96.9
MICHEWENI,2020,39,96.9
CHAKE-CHAKE,2020,39,96.9
MKOANI,2020,39,96.9
MAGHARIBI  B,2020,39,96.9
KUSINI,2020,39,96.9
MJINI,2020,39,96.9
KASKAZINI B,2020,39,96.9
MAGHARIBI  A,2020,39,96.9
KASKAZINI A,2020,39,96.9
KATI,2020,39,96.9
WETE,2020,40,96.9
MICHEWENI,2020,40,96.9
CHAKE-CHAKE,2020,40,96.9
MKOANI,2020,40,96.9
MAGHARIBI  B,2020,40,96.9
KUSINI,2020,40,96.9
MJINI,2020,40,96.9
KASKAZINI B,2020,40,96.9
MAGHARIBI  A,2020,40,96.9
KASKAZINI A,2020,40,96.9
KATI,2020,40,96.9
WETE,2020,41,96.9
MICHEWENI,2020,41,96.9
CHAKE-CHAKE,2020,41,96.9
MKOANI,2020,41,96.9
MAGHARIBI  B,2020,41,96.9
KUSINI,2020,41,96.9
MJINI,2020,41,96.9
KASKAZINI B,2020,41,96.9
MAGHARIBI  A,2020,41,96.9
KASKAZINI A,2020,41,96.9
KATI,2020,41,96.9
WETE,2020,42,96.9
MICHEWENI,2020,42,96.9
CHAKE-CHAKE,2020,42,96.9
MKOANI,2020,42,96.9
MAGHARIBI  B,2020,42,96.9
KUSINI,2020,42,96.9
MJINI,2020,42,96.9
KASKAZINI B,2020,42,96.9
MAGHARIBI  A,2020,42,96.9
KASKAZINI A,2020,42,96.9
KATI,2020,42,96.9
WETE,2020,43,96.9
MICHEWENI,2020,43,96.9
CHAKE-CHAKE,2020,43,96.9
MKOANI,2020,43,96.9
MAGHARIBI  B,2020,43,96.9
KUSINI,2020,43,96.9
MJINI,2020,43,96.9
KASKAZINI B,2020,43,96.9
MAGHARIBI  A,2020,43,96.9
KASKAZINI A,2020,43,96.9
KATI,2020,43,96.9
WETE,2020,44,96.9
MICHEWENI,2020,44,96.9
CHAKE-CHAKE,2020,44,96.9
MKOANI,2020,44,96.9
MAGHARIBI  B,2020,44,96.9
KUSINI,2020,44,96.9
MJINI,2020,44,96.9
KASKAZINI B,2020,44,96.9
MAGHARIBI  A,2020,44,96.9
KASKAZINI A,2020,44,96.9
KATI,2020,44,96.9
WETE,2020,45,96.9
MICHEWENI,2020,45,96.9
CHAKE-CHAKE,2020,45,96.9
MKOANI,2020,45,96.9
MAGHARIBI  B,2020,45,96.9
KUSINI,2020,45,96.9
MJINI,2020,45,96.9
KASKAZINI B,2020,45,96.9
MAGHARIBI  A,2020,45,96.9
KASKAZINI A,2020,45,96.9
KATI,2020,45,96.9
WETE,2020,46,96.9
MICHEWENI,2020,46,96.9
CHAKE-CHAKE,2020,46,96.9
MKOANI,2020,46,96.9
MAGHARIBI  B,2020,46,96.9
KUSINI,2020,46,96.9
MJINI,2020,46,96.9
KASKAZINI B,2020,46,96.9
MAGHARIBI  A,2020,46,96.9
KASKAZINI A,2020,46,96.9
KATI,2020,46,96.9
WETE,2020,47,96.9
MICHEWENI,2020,47,96.9
CHAKE-CHAKE,2020,47,96.9
MKOANI,2020,47,96.9
MAGHARIBI  B,2020,47,96.9
KUSINI,2020,47,96.9
MJINI,2020,47,96.9
KASKAZINI B,2020,47,96.9
MAGHARIBI  A,2020,47,96.9
KASKAZINI A,2020,47,96.9
KATI,2020,47,96.9
WETE,2020,48,96.9
MICHEWENI,2020,48,96.9
CHAKE-CHAKE,2020,48,96.9
MKOANI,2020,48,96.9
MAGHARIBI  B,2020,48,96.9
KUSINI,2020,48,96.9
MJINI,2020,48,96.9
KASKAZINI B,2020,48,96.9
MAGHARIBI  A,2020,48,96.9
KASKAZINI A,2020,48,96.9
KATI,2020,48,96.9
WETE,2020,49,96.9
MICHEWENI,2020,49,96.9
CHAKE-CHAKE,2020,49,96.9
MKOANI,2020,49,96.9
MAGHARIBI  B,2020,49,96.9
KUSINI,2020,49,96.9
MJINI,2020,49,96.9
KASKAZINI B,2020,49,96.9
MAGHARIBI  A,2020,49,96.9
KASKAZINI A,2020,49,96.9
KATI,2020,49,96.9
WETE,2020,50,96.9
MICHEWENI,2020,50,96.9
CHAKE-CHAKE,2020,50,96.9
MKOANI,2020,50,96.9
MAGHARIBI  B,2020,50,96.9
KUSINI,2020,50,96.9
MJINI,2020,50,96.9
KASKAZINI B,2020,50,96.9
MAGHARIBI  A,2020,50,96.9
KASKAZINI A,2020,50,96.9
KATI,2020,50,96.9
WETE,2020,51,96.9
MICHEWENI,2020,51,96.9
CHAKE-CHAKE,2020,51,96.9
MKOANI,2020,51,96.9
MAGHARIBI  B,2020,51,96.9
KUSINI,2020,51,96.9
MJINI,2020,51,96.9
KASKAZINI B,2020,51,96.9
MAGHARIBI  A,2020,51,96.9
KASKAZINI A,2020,51,96.9
KATI,2020,51,96.9
WETE,2020,52,96.9
MICHEWENI,2020,52,96.9
CHAKE-CHAKE,2020,52,96.9
MKOANI,2020,52,96.9
MAGHARIBI  B,2020,52,96.9
KUSINI,2020,52,96.9
MJINI,2020,52,96.9
KASKAZINI B,2020,52,96.9
MAGHARIBI  A,2020,52,96.9
KASKAZINI A,2020,52,96.9
KATI,2020,52,96.9
WETE,2021,1,94.7
MICHEWENI,2021,1,94.7
CHAKE-CHAKE,2021,1,94.7
MKOANI,2021,1,94.7
MAGHARIBI  B,2021,1,94.7
KUSINI,2021,1,94.7
MJINI,2021,1,94.7
KASKAZINI B,2021,1,94.7
MAGHARIBI  A,2021,1,94.7
KASKAZINI A,2021,1,94.7
KATI,2021,1,94.7
WETE,2021,2,94.7
MICHEWENI,2021,2,94.7
CHAKE-CHAKE,2021,2,94.7
MKOANI,2021,2,94.7
MAGHARIBI  B,2021,2,94.7
KUSINI,2021,2,94.7
MJINI,2021,2,94.7
KASKAZINI B,2021,2,94.7
MAGHARIBI  A,2021,2,94.7
KASKAZINI A,2021,2,94.7
KATI,2021,2,94.7
WETE,2021,3,94.7
MICHEWENI,2021,3,94.7
CHAKE-CHAKE,2021,3,94.7
MKOANI,2021,3,94.7
MAGHARIBI  B,2021,3,94.7
KUSINI,2021,3,94.7
MJINI,2021,3,94.7
KASKAZINI B,2021,3,94.7
MAGHARIBI  A,2021,3,94.7
KASKAZINI A,2021,3,94.7
KATI,2021,3,94.7
WETE,2021,4,94.7
MICHEWENI,2021,4,94.7
CHAKE-CHAKE,2021,4,94.7
MKOANI,2021,4,94.7
MAGHARIBI  B,2021,4,94.7
KUSINI,2021,4,94.7
MJINI,2021,4,94.7
KASKAZINI B,2021,4,94.7
MAGHARIBI  A,2021,4,94.7
KASKAZINI A,2021,4,94.7
KATI,2021,4,94.7
WETE,2021,5,94.7
MICHEWENI,2021,5,94.7
CHAKE-CHAKE,2021,5,94.7
MKOANI,2021,5,94.7
MAGHARIBI  B,2021,5,94.7
KUSINI,2021,5,94.7
MJINI,2021,5,94.7
KASKAZINI B,2021,5,94.7
MAGHARIBI  A,2021,5,94.7
KASKAZINI A,2021,5,94.7
KATI,2021,5,94.7
WETE,2021,6,94.7
MICHEWENI,2021,6,94.7
CHAKE-CHAKE,2021,6,94.7
MKOANI,2021,6,94.7
MAGHARIBI  B,2021,6,94.7
KUSINI,2021,6,94.7
MJINI,2021,6,94.7
KASKAZINI B,2021,6,94.7
MAGHARIBI  A,2021,6,94.7
KASKAZINI A,2021,6,94.7
KATI,2021,6,94.7
WETE,2021,7,94.7
MICHEWENI,2021,7,94.7
CHAKE-CHAKE,2021,7,94.7
MKOANI,2021,7,94.7
MAGHARIBI  B,2021,7,94.7
KUSINI,2021,7,94.7
MJINI,2021,7,94.7
KASKAZINI B,2021,7,94.7
MAGHARIBI  A,2021,7,94.7
KASKAZINI A,2021,7,94.7
KATI,2021,7,94.7
WETE,2021,8,94.7
MICHEWENI,2021,8,94.7
CHAKE-CHAKE,2021,8,94.7
MKOANI,2021,8,94.7
MAGHARIBI  B,2021,8,94.7
KUSINI,2021,8,94.7
MJINI,2021,8,94.7
KASKAZINI B,2021,8,94.7
MAGHARIBI  A,2021,8,94.7
KASKAZINI A,2021,8,94.7
KATI,2021,8,94.7
WETE,2021,9,94.7
MICHEWENI,2021,9,94.7
CHAKE-CHAKE,2021,9,94.7
MKOANI,2021,9,94.7
MAGHARIBI  B,2021,9,94.7
KUSINI,2021,9,94.7
MJINI,2021,9,94.7
KASKAZINI B,2021,9,94.7
MAGHARIBI  A,2021,9,94.7
KASKAZINI A,2021,9,94.7
KATI,2021,9,94.7
WETE,2021,10,94.7
MICHEWENI,2021,10,94.7
CHAKE-CHAKE,2021,10,94.7
MKOANI,2021,10,94.7
MAGHARIBI  B,2021,10,94.7
KUSINI,2021,10,94.7
MJINI,2021,10,94.7
KASKAZINI B,2021,10,94.7
MAGHARIBI  A,2021,10,94.7
KASKAZINI A,2021,10,94.7
KATI,2021,10,94.7
WETE,2021,11,94.7
MICHEWENI,2021,11,94.7
CHAKE-CHAKE,2021,11,94.7
MKOANI,2021,11,94.7
MAGHARIBI  B,2021,11,94.7
KUSINI,2021,11,94.7
MJINI,2021,11,94.7
KASKAZINI B,2021,11,94.7
MAGHARIBI  A,2021,11,94.7
KASKAZINI A,2021,11,94.7
KATI,2021,11,94.7
WETE,2021,12,94.7
MICHEWENI,2021,12,94.7
CHAKE-CHAKE,2021,12,94.7
MKOANI,2021,12,94.7
MAGHARIBI  B,2021,12,94.7
KUSINI,2021,12,94.7
MJINI,2021,12,94.7
KASKAZINI B,2021,12,94.7
MAGHARIBI  A,2021,12,94.7
KASKAZINI A,2021,12,94.7
KATI,2021,12,94.7
WETE,2021,13,94.7
MICHEWENI,2021,13,94.7
CHAKE-CHAKE,2021,13,94.7
MKOANI,2021,13,94.7
MAGHARIBI  B,2021,13,94.7
KUSINI,2021,13,94.7
MJINI,2021,13,94.7
KASKAZINI B,2021,13,94.7
MAGHARIBI  A,2021,13,94.7
KASKAZINI A,2021,13,94.7
KATI,2021,13,94.7
WETE,2021,14,94.7
MICHEWENI,2021,14,94.7
CHAKE-CHAKE,2021,14,94.7
MKOANI,2021,14,94.7
MAGHARIBI  B,2021,14,94.7
KUSINI,2021,14,94.7
MJINI,2021,14,94.7
KASKAZINI B,2021,14,94.7
MAGHARIBI  A,2021,14,94.7
KASKAZINI A,2021,14,94.7
KATI,2021,14,94.7
WETE,2021,15,94.7
MICHEWENI,2021,15,94.7
CHAKE-CHAKE,2021,15,94.7
MKOANI,2021,15,94.7
MAGHARIBI  B,2021,15,94.7
KUSINI,2021,15,94.7
MJINI,2021,15,94.7
KASKAZINI B,2021,15,94.7
MAGHARIBI  A,2021,15,94.7
KASKAZINI A,2021,15,94.7
KATI,2021,15,94.7
WETE,2021,16,94.7
MICHEWENI,2021,16,94.7
CHAKE-CHAKE,2021,16,94.7
MKOANI,2021,16,94.7
MAGHARIBI  B,2021,16,94.7
KUSINI,2021,16,94.7
MJINI,2021,16,94.7
KASKAZINI B,2021,16,94.7
MAGHARIBI  A,2021,16,94.7
KASKAZINI A,2021,16,94.7
KATI,2021,16,94.7
WETE,2021,17,94.7
MICHEWENI,2021,17,94.7
CHAKE-CHAKE,2021,17,94.7
MKOANI,2021,17,94.7
MAGHARIBI  B,2021,17,94.7
KUSINI,2021,17,94.7
MJINI,2021,17,94.7
KASKAZINI B,2021,17,94.7
MAGHARIBI  A,2021,17,94.7
KASKAZINI A,2021,17,94.7
KATI,2021,17,94.7
WETE,2021,18,94.7
MICHEWENI,2021,18,94.7
CHAKE-CHAKE,2021,18,94.7
MKOANI,2021,18,94.7
MAGHARIBI  B,2021,18,94.7
KUSINI,2021,18,94.7
MJINI,2021,18,94.7
KASKAZINI B,2021,18,94.7
MAGHARIBI  A,2021,18,94.7
KASKAZINI A,2021,18,94.7
KATI,2021,18,94.7
WETE,2021,19,94.7
MICHEWENI,2021,19,94.7
CHAKE-CHAKE,2021,19,94.7
MKOANI,2021,19,94.7
MAGHARIBI  B,2021,19,94.7
KUSINI,2021,19,94.7
MJINI,2021,19,94.7
KASKAZINI B,2021,19,94.7
MAGHARIBI  A,2021,19,94.7
KASKAZINI A,2021,19,94.7
KATI,2021,19,94.7
WETE,2021,20,94.7
MICHEWENI,2021,20,94.7
CHAKE-CHAKE,2021,20,94.7
MKOANI,2021,20,94.7
MAGHARIBI  B,2021,20,94.7
KUSINI,2021,20,94.7
MJINI,2021,20,94.7
KASKAZINI B,2021,20,94.7
MAGHARIBI  A,2021,20,94.7
KASKAZINI A,2021,20,94.7
KATI,2021,20,94.7
WETE,2021,21,94.7
MICHEWENI,2021,21,94.7
CHAKE-CHAKE,2021,21,94.7
MKOANI,2021,21,94.7
MAGHARIBI  B,2021,21,94.7
KUSINI,2021,21,94.7
MJINI,2021,21,94.7
KASKAZINI B,2021,21,94.7
MAGHARIBI  A,2021,21,94.7
KASKAZINI A,2021,21,94.7
KATI,2021,21,94.7
WETE,2021,22,94.7
MICHEWENI,2021,22,94.7
CHAKE-CHAKE,2021,22,94.7
MKOANI,2021,22,94.7
MAGHARIBI  B,2021,22,94.7
KUSINI,2021,22,94.7
MJINI,2021,22,94.7
KASKAZINI B,2021,22,94.7
MAGHARIBI  A,2021,22,94.7
KASKAZINI A,2021,22,94.7
KATI,2021,22,94.7
WETE,2021,23,94.7
MICHEWENI,2021,23,94.7
CHAKE-CHAKE,2021,23,94.7
MKOANI,2021,23,94.7
MAGHARIBI  B,2021,23,94.7
KUSINI,2021,23,94.7
MJINI,2021,23,94.7
KASKAZINI B,2021,23,94.7
MAGHARIBI  A,2021,23,94.7
KASKAZINI A,2021,23,94.7
KATI,2021,23,94.7
WETE,2021,24,94.7
MICHEWENI,2021,24,94.7
CHAKE-CHAKE,2021,24,94.7
MKOANI,2021,24,94.7
MAGHARIBI  B,2021,24,94.7
KUSINI,2021,24,94.7
MJINI,2021,24,94.7
KASKAZINI B,2021,24,94.7
MAGHARIBI  A,2021,24,94.7
KASKAZINI A,2021,24,94.7
KATI,2021,24,94.7
WETE,2021,25,94.7
MICHEWENI,2021,25,94.7
CHAKE-CHAKE,2021,25,94.7
MKOANI,2021,25,94.7
MAGHARIBI  B,2021,25,94.7
KUSINI,2021,25,94.7
MJINI,2021,25,94.7
KASKAZINI B,2021,25,94.7
MAGHARIBI  A,2021,25,94.7
KASKAZINI A,2021,25,94.7
KATI,2021,25,94.7
WETE,2021,26,94.7
MICHEWENI,2021,26,94.7
CHAKE-CHAKE,2021,26,94.7
MKOANI,2021,26,94.7
MAGHARIBI  B,2021,26,94.7
KUSINI,2021,26,94.7
MJINI,2021,26,94.7
KASKAZINI B,2021,26,94.7
MAGHARIBI  A,2021,26,94.7
KASKAZINI A,2021,26,94.7
KATI,2021,26,94.7
WETE,2021,27,94.7
MICHEWENI,2021,27,94.7
CHAKE-CHAKE,2021,27,94.7
MKOANI,2021,27,94.7
MAGHARIBI  B,2021,27,94.7
KUSINI,2021,27,94.7
MJINI,2021,27,94.7
KASKAZINI B,2021,27,94.7
MAGHARIBI  A,2021,27,94.7
KASKAZINI A,2021,27,94.7
KATI,2021,27,94.7
WETE,2021,28,94.7
MICHEWENI,2021,28,94.7
CHAKE-CHAKE,2021,28,94.7
MKOANI,2021,28,94.7
MAGHARIBI  B,2021,28,94.7
KUSINI,2021,28,94.7
MJINI,2021,28,94.7
KASKAZINI B,2021,28,94.7
MAGHARIBI  A,2021,28,94.7
KASKAZINI A,2021,28,94.7
KATI,2021,28,94.7
WETE,2021,29,94.7
MICHEWENI,2021,29,94.7
CHAKE-CHAKE,2021,29,94.7
MKOANI,2021,29,94.7
MAGHARIBI  B,2021,29,94.7
KUSINI,2021,29,94.7
MJINI,2021,29,94.7
KASKAZINI B,2021,29,94.7
MAGHARIBI  A,2021,29,94.7
KASKAZINI A,2021,29,94.7
KATI,2021,29,94.7
WETE,2021,30,94.7
MICHEWENI,2021,30,94.7
CHAKE-CHAKE,2021,30,94.7
MKOANI,2021,30,94.7
MAGHARIBI  B,2021,30,94.7
KUSINI,2021,30,94.7
MJINI,2021,30,94.7
KASKAZINI B,2021,30,94.7
MAGHARIBI  A,2021,30,94.7
KASKAZINI A,2021,30,94.7
KATI,2021,30,94.7
WETE,2021,31,94.7
MICHEWENI,2021,31,94.7
CHAKE-CHAKE,2021,31,94.7
MKOANI,2021,31,94.7
MAGHARIBI  B,2021,31,94.7
KUSINI,2021,31,94.7
MJINI,2021,31,94.7
KASKAZINI B,2021,31,94.7
MAGHARIBI  A,2021,31,94.7
KASKAZINI A,2021,31,94.7
KATI,2021,31,94.7
WETE,2021,32,94.7
MICHEWENI,2021,32,94.7
CHAKE-CHAKE,2021,32,94.7
MKOANI,2021,32,94.7
MAGHARIBI  B,2021,32,94.7
KUSINI,2021,32,94.7
MJINI,2021,32,94.7
KASKAZINI B,2021,32,94.7
MAGHARIBI  A,2021,32,94.7
KASKAZINI A,2021,32,94.7
KATI,2021,32,94.7
WETE,2021,33,94.7
MICHEWENI,2021,33,94.7
CHAKE-CHAKE,2021,33,94.7
MKOANI,2021,33,94.7
MAGHARIBI  B,2021,33,94.7
KUSINI,2021,33,94.7
MJINI,2021,33,94.7
KASKAZINI B,2021,33,94.7
MAGHARIBI  A,2021,33,94.7
KASKAZINI A,2021,33,94.7
KATI,2021,33,94.7
WETE,2021,34,94.7
MICHEWENI,2021,34,94.7
CHAKE-CHAKE,2021,34,94.7
MKOANI,2021,34,94.7
MAGHARIBI  B,2021,34,94.7
KUSINI,2021,34,94.7
MJINI,2021,34,94.7
KASKAZINI B,2021,34,94.7
MAGHARIBI  A,2021,34,94.7
KASKAZINI A,2021,34,94.7
KATI,2021,34,94.7
WETE,2021,35,94.7
MICHEWENI,2021,35,94.7
CHAKE-CHAKE,2021,35,94.7
MKOANI,2021,35,94.7
MAGHARIBI  B,2021,35,94.7
KUSINI,2021,35,94.7
MJINI,2021,35,94.7
KASKAZINI B,2021,35,94.7
MAGHARIBI  A,2021,35,94.7
KASKAZINI A,2021,35,94.7
KATI,2021,35,94.7
WETE,2021,36,94.7
MICHEWENI,2021,36,94.7
CHAKE-CHAKE,2021,36,94.7
MKOANI,2021,36,94.7
MAGHARIBI  B,2021,36,94.7
KUSINI,2021,36,94.7
MJINI,2021,36,94.7
KASKAZINI B,2021,36,94.7
MAGHARIBI  A,2021,36,94.7
KASKAZINI A,2021,36,94.7
KATI,2021,36,94.7
WETE,2021,37,94.7
MICHEWENI,2021,37,94.7
CHAKE-CHAKE,2021,37,94.7
MKOANI,2021,37,94.7
MAGHARIBI  B,2021,37,94.7
KUSINI,2021,37,94.7
MJINI,2021,37,94.7
KASKAZINI B,2021,37,94.7
MAGHARIBI  A,2021,37,94.7
KASKAZINI A,2021,37,94.7
KATI,2021,37,94.7
WETE,2021,38,94.7
MICHEWENI,2021,38,94.7
CHAKE-CHAKE,2021,38,94.7
MKOANI,2021,38,94.7
MAGHARIBI  B,2021,38,94.7
KUSINI,2021,38,94.7
MJINI,2021,38,94.7
KASKAZINI B,2021,38,94.7
MAGHARIBI  A,2021,38,94.7
KASKAZINI A,2021,38,94.7
KATI,2021,38,94.7
WETE,2021,39,94.7
MICHEWENI,2021,39,94.7
CHAKE-CHAKE,2021,39,94.7
MKOANI,2021,39,94.7
MAGHARIBI  B,2021,39,94.7
KUSINI,2021,39,94.7
MJINI,2021,39,94.7
KASKAZINI B,2021,39,94.7
MAGHARIBI  A,2021,39,94.7
KASKAZINI A,2021,39,94.7
KATI,2021,39,94.7
WETE,2021,40,94.7
MICHEWENI,2021,40,94.7
CHAKE-CHAKE,2021,40,94.7
MKOANI,2021,40,94.7
MAGHARIBI  B,2021,40,94.7
KUSINI,2021,40,94.7
MJINI,2021,40,94.7
KASKAZINI B,2021,40,94.7
MAGHARIBI  A,2021,40,94.7
KASKAZINI A,2021,40,94.7
KATI,2021,40,94.7
WETE,2021,41,94.7
MICHEWENI,2021,41,94.7
CHAKE-CHAKE,2021,41,94.7
MKOANI,2021,41,94.7
MAGHARIBI  B,2021,41,94.7
KUSINI,2021,41,94.7
MJINI,2021,41,94.7
KASKAZINI B,2021,41,94.7
MAGHARIBI  A,2021,41,94.7
KASKAZINI A,2021,41,94.7
KATI,2021,41,94.7
WETE,2021,42,94.7
MICHEWENI,2021,42,94.7
CHAKE-CHAKE,2021,42,94.7
MKOANI,2021,42,94.7
MAGHARIBI  B,2021,42,94.7
KUSINI,2021,42,94.7
MJINI,2021,42,94.7
KASKAZINI B,2021,42,94.7
MAGHARIBI  A,2021,42,94.7
KASKAZINI A,2021,42,94.7
KATI,2021,42,94.7
WETE,2021,43,94.7
MICHEWENI,2021,43,94.7
CHAKE-CHAKE,2021,43,94.7
MKOANI,2021,43,94.7
MAGHARIBI  B,2021,43,94.7
KUSINI,2021,43,94.7
MJINI,2021,43,94.7
KASKAZINI B,2021,43,94.7
MAGHARIBI  A,2021,43,94.7
KASKAZINI A,2021,43,94.7
KATI,2021,43,94.7
WETE,2021,44,94.7
MICHEWENI,2021,44,94.7
CHAKE-CHAKE,2021,44,94.7
MKOANI,2021,44,94.7
MAGHARIBI  B,2021,44,94.7
KUSINI,2021,44,94.7
MJINI,2021,44,94.7
KASKAZINI B,2021,44,94.7
MAGHARIBI  A,2021,44,94.7
KASKAZINI A,2021,44,94.7
KATI,2021,44,94.7
WETE,2021,45,94.7
MICHEWENI,2021,45,94.7
CHAKE-CHAKE,2021,45,94.7
MKOANI,2021,45,94.7
MAGHARIBI  B,2021,45,94.7
KUSINI,2021,45,94.7
MJINI,2021,45,94.7
KASKAZINI B,2021,45,94.7
MAGHARIBI  A,2021,45,94.7
KASKAZINI A,2021,45,94.7
KATI,2021,45,94.7
WETE,2021,46,94.7
MICHEWENI,2021,46,94.7
CHAKE-CHAKE,2021,46,94.7
MKOANI,2021,46,94.7
MAGHARIBI  B,2021,46,94.7
KUSINI,2021,46,94.7
MJINI,2021,46,94.7
KASKAZINI B,2021,46,94.7
MAGHARIBI  A,2021,46,94.7
KASKAZINI A,2021,46,94.7
KATI,2021,46,94.7
WETE,2021,47,94.7
MICHEWENI,2021,47,94.7
CHAKE-CHAKE,2021,47,94.7
MKOANI,2021,47,94.7
MAGHARIBI  B,2021,47,94.7
KUSINI,2021,47,94.7
MJINI,2021,47,94.7
KASKAZINI B,2021,47,94.7
MAGHARIBI  A,2021,47,94.7
KASKAZINI A,2021,47,94.7
KATI,2021,47,94.7
WETE,2021,48,94.7
MICHEWENI,2021,48,94.7
CHAKE-CHAKE,2021,48,94.7
MKOANI,2021,48,94.7
MAGHARIBI  B,2021,48,94.7
KUSINI,2021,48,94.7
MJINI,2021,48,94.7
KASKAZINI B,2021,48,94.7
MAGHARIBI  A,2021,48,94.7
KASKAZINI A,2021,48,94.7
KATI,2021,48,94.7
WETE,2021,49,94.7
MICHEWENI,2021,49,94.7
CHAKE-CHAKE,2021,49,94.7
MKOANI,2021,49,94.7
MAGHARIBI  B,2021,49,94.7
KUSINI,2021,49,94.7
MJINI,2021,49,94.7
KASKAZINI B,2021,49,94.7
MAGHARIBI  A,2021,49,94.7
KASKAZINI A,2021,49,94.7
KATI,2021,49,94.7
WETE,2021,50,94.7
MICHEWENI,2021,50,94.7
CHAKE-CHAKE,2021,50,94.7
MKOANI,2021,50,94.7
MAGHARIBI  B,2021,50,94.7
KUSINI,2021,50,94.7
MJINI,2021,50,94.7
KASKAZINI B,2021,50,94.7
MAGHARIBI  A,2021,50,94.7
KASKAZINI A,2021,50,94.7
KATI,2021,50,94.7
WETE,2021,51,94.7
MICHEWENI,2021,51,94.7
CHAKE-CHAKE,2021,51,94.7
MKOANI,2021,51,94.7
MAGHARIBI  B,2021,51,94.7
KUSINI,2021,51,94.7
MJINI,2021,51,94.7
KASKAZINI B,2021,51,94.7
MAGHARIBI  A,2021,51,94.7
KASKAZINI A,2021,51,94.7
KATI,2021,51,94.7
WETE,2021,52,94.7
MICHEWENI,2021,52,94.7
CHAKE-CHAKE,2021,52,94.7
MKOANI,2021,52,94.7
MAGHARIBI  B,2021,52,94.7
KUSINI,2021,52,94.7
MJINI,2021,52,94.7
KASKAZINI B,2021,52,94.7
MAGHARIBI  A,2021,52,94.7
KASKAZINI A,2021,52,94.7
KATI,2021,52,94.7
WETE,2022,1,97.8
MICHEWENI,2022,1,97.8
CHAKE-CHAKE,2022,1,97.8
MKOANI,2022,1,97.8
MAGHARIBI  B,2022,1,97.8
KUSINI,2022,1,97.8
MJINI,2022,1,97.8
KASKAZINI B,2022,1,97.8
MAGHARIBI  A,2022,1,97.8
KASKAZINI A,2022,1,97.8
KATI,2022,1,97.8
WETE,2022,2,97.8
MICHEWENI,2022,2,97.8
CHAKE-CHAKE,2022,2,97.8
MKOANI,2022,2,97.8
MAGHARIBI  B,2022,2,97.8
KUSINI,2022,2,97.8
MJINI,2022,2,97.8
KASKAZINI B,2022,2,97.8
MAGHARIBI  A,2022,2,97.8
KASKAZINI A,2022,2,97.8
KATI,2022,2,97.8
WETE,2022,3,97.8
MICHEWENI,2022,3,97.8
CHAKE-CHAKE,2022,3,97.8
MKOANI,2022,3,97.8
MAGHARIBI  B,2022,3,97.8
KUSINI,2022,3,97.8
MJINI,2022,3,97.8
KASKAZINI B,2022,3,97.8
MAGHARIBI  A,2022,3,97.8
KASKAZINI A,2022,3,97.8
KATI,2022,3,97.8
WETE,2022,4,97.8
MICHEWENI,2022,4,97.8
CHAKE-CHAKE,2022,4,97.8
MKOANI,2022,4,97.8
MAGHARIBI  B,2022,4,97.8
KUSINI,2022,4,97.8
MJINI,2022,4,97.8
KASKAZINI B,2022,4,97.8
MAGHARIBI  A,2022,4,97.8
KASKAZINI A,2022,4,97.8
KATI,2022,4,97.8
WETE,2022,5,97.8
MICHEWENI,2022,5,97.8
CHAKE-CHAKE,2022,5,97.8
MKOANI,2022,5,97.8
MAGHARIBI  B,2022,5,97.8
KUSINI,2022,5,97.8
MJINI,2022,5,97.8
KASKAZINI B,2022,5,97.8
MAGHARIBI  A,2022,5,97.8
KASKAZINI A,2022,5,97.8
KATI,2022,5,97.8
WETE,2022,6,97.8
MICHEWENI,2022,6,97.8
CHAKE-CHAKE,2022,6,97.8
MKOANI,2022,6,97.8
MAGHARIBI  B,2022,6,97.8
KUSINI,2022,6,97.8
MJINI,2022,6,97.8
KASKAZINI B,2022,6,97.8
MAGHARIBI  A,2022,6,97.8
KASKAZINI A,2022,6,97.8
KATI,2022,6,97.8
WETE,2022,7,97.8
MICHEWENI,2022,7,97.8
CHAKE-CHAKE,2022,7,97.8
MKOANI,2022,7,97.8
MAGHARIBI  B,2022,7,97.8
KUSINI,2022,7,97.8
MJINI,2022,7,97.8
KASKAZINI B,2022,7,97.8
MAGHARIBI  A,2022,7,97.8
KASKAZINI A,2022,7,97.8
KATI,2022,7,97.8
WETE,2022,8,97.8
MICHEWENI,2022,8,97.8
CHAKE-CHAKE,2022,8,97.8
MKOANI,2022,8,97.8
MAGHARIBI  B,2022,8,97.8
KUSINI,2022,8,97.8
MJINI,2022,8,97.8
KASKAZINI B,2022,8,97.8
MAGHARIBI  A,2022,8,97.8
KASKAZINI A,2022,8,97.8
KATI,2022,8,97.8
WETE,2022,9,97.8
MICHEWENI,2022,9,97.8
CHAKE-CHAKE,2022,9,97.8
MKOANI,2022,9,97.8
MAGHARIBI  B,2022,9,97.8
KUSINI,2022,9,97.8
MJINI,2022,9,97.8
KASKAZINI B,2022,9,97.8
MAGHARIBI  A,2022,9,97.8
KASKAZINI A,2022,9,97.8
KATI,2022,9,97.8
WETE,2022,10,97.8
MICHEWENI,2022,10,97.8
CHAKE-CHAKE,2022,10,97.8
MKOANI,2022,10,97.8
MAGHARIBI  B,2022,10,97.8
KUSINI,2022,10,97.8
MJINI,2022,10,97.8
KASKAZINI B,2022,10,97.8
MAGHARIBI  A,2022,10,97.8
KASKAZINI A,2022,10,97.8
KATI,2022,10,97.8
WETE,2022,11,97.8
MICHEWENI,2022,11,97.8
CHAKE-CHAKE,2022,11,97.8
MKOANI,2022,11,97.8
MAGHARIBI  B,2022,11,97.8
KUSINI,2022,11,97.8
MJINI,2022,11,97.8
KASKAZINI B,2022,11,97.8
MAGHARIBI  A,2022,11,97.8
KASKAZINI A,2022,11,97.8
KATI,2022,11,97.8
WETE,2022,12,97.8
MICHEWENI,2022,12,97.8
CHAKE-CHAKE,2022,12,97.8
MKOANI,2022,12,97.8
MAGHARIBI  B,2022,12,97.8
KUSINI,2022,12,97.8
MJINI,2022,12,97.8
KASKAZINI B,2022,12,97.8
MAGHARIBI  A,2022,12,97.8
KASKAZINI A,2022,12,97.8
KATI,2022,12,97.8
WETE,2022,13,97.8
MICHEWENI,2022,13,97.8
CHAKE-CHAKE,2022,13,97.8
MKOANI,2022,13,97.8
MAGHARIBI  B,2022,13,97.8
KUSINI,2022,13,97.8
MJINI,2022,13,97.8
KASKAZINI B,2022,13,97.8
MAGHARIBI  A,2022,13,97.8
KASKAZINI A,2022,13,97.8
KATI,2022,13,97.8
WETE,2022,14,97.8
MICHEWENI,2022,14,97.8
CHAKE-CHAKE,2022,14,97.8
MKOANI,2022,14,97.8
MAGHARIBI  B,2022,14,97.8
KUSINI,2022,14,97.8
MJINI,2022,14,97.8
KASKAZINI B,2022,14,97.8
MAGHARIBI  A,2022,14,97.8
KASKAZINI A,2022,14,97.8
KATI,2022,14,97.8
WETE,2022,15,97.8
MICHEWENI,2022,15,97.8
CHAKE-CHAKE,2022,15,97.8
MKOANI,2022,15,97.8
MAGHARIBI  B,2022,15,97.8
KUSINI,2022,15,97.8
MJINI,2022,15,97.8
KASKAZINI B,2022,15,97.8
MAGHARIBI  A,2022,15,97.8
KASKAZINI A,2022,15,97.8
KATI,2022,15,97.8
WETE,2022,16,97.8
MICHEWENI,2022,16,97.8
CHAKE-CHAKE,2022,16,97.8
MKOANI,2022,16,97.8
MAGHARIBI  B,2022,16,97.8
KUSINI,2022,16,97.8
MJINI,2022,16,97.8
KASKAZINI B,2022,16,97.8
MAGHARIBI  A,2022,16,97.8
KASKAZINI A,2022,16,97.8
KATI,2022,16,97.8
WETE,2022,17,97.8
MICHEWENI,2022,17,97.8
CHAKE-CHAKE,2022,17,97.8
MKOANI,2022,17,97.8
MAGHARIBI  B,2022,17,97.8
KUSINI,2022,17,97.8
MJINI,2022,17,97.8
KASKAZINI B,2022,17,97.8
MAGHARIBI  A,2022,17,97.8
KASKAZINI A,2022,17,97.8
KATI,2022,17,97.8
WETE,2022,18,97.8
MICHEWENI,2022,18,97.8
CHAKE-CHAKE,2022,18,97.8
MKOANI,2022,18,97.8
MAGHARIBI  B,2022,18,97.8
KUSINI,2022,18,97.8
MJINI,2022,18,97.8
KASKAZINI B,2022,18,97.8
MAGHARIBI  A,2022,18,97.8
KASKAZINI A,2022,18,97.8
KATI,2022,18,97.8
WETE,2022,19,97.8
MICHEWENI,2022,19,97.8
CHAKE-CHAKE,2022,19,97.8
MKOANI,2022,19,97.8
MAGHARIBI  B,2022,19,97.8
KUSINI,2022,19,97.8
MJINI,2022,19,97.8
KASKAZINI B,2022,19,97.8
MAGHARIBI  A,2022,19,97.8
KASKAZINI A,2022,19,97.8
KATI,2022,19,97.8
WETE,2022,20,97.8
MICHEWENI,2022,20,97.8
CHAKE-CHAKE,2022,20,97.8
MKOANI,2022,20,97.8
MAGHARIBI  B,2022,20,97.8
KUSINI,2022,20,97.8
MJINI,2022,20,97.8
KASKAZINI B,2022,20,97.8
MAGHARIBI  A,2022,20,97.8
KASKAZINI A,2022,20,97.8
KATI,2022,20,97.8
WETE,2022,21,97.8
MICHEWENI,2022,21,97.8
CHAKE-CHAKE,2022,21,97.8
MKOANI,2022,21,97.8
MAGHARIBI  B,2022,21,97.8
KUSINI,2022,21,97.8
MJINI,2022,21,97.8
KASKAZINI B,2022,21,97.8
MAGHARIBI  A,2022,21,97.8
KASKAZINI A,2022,21,97.8
KATI,2022,21,97.8
WETE,2022,22,97.8
MICHEWENI,2022,22,97.8
CHAKE-CHAKE,2022,22,97.8
MKOANI,2022,22,97.8
MAGHARIBI  B,2022,22,97.8
KUSINI,2022,22,97.8
MJINI,2022,22,97.8
KASKAZINI B,2022,22,97.8
MAGHARIBI  A,2022,22,97.8
KASKAZINI A,2022,22,97.8
KATI,2022,22,97.8
WETE,2022,23,97.8
MICHEWENI,2022,23,97.8
CHAKE-CHAKE,2022,23,97.8
MKOANI,2022,23,97.8
MAGHARIBI  B,2022,23,97.8
KUSINI,2022,23,97.8
MJINI,2022,23,97.8
KASKAZINI B,2022,23,97.8
MAGHARIBI  A,2022,23,97.8
KASKAZINI A,2022,23,97.8
KATI,2022,23,97.8
WETE,2022,24,97.8
MICHEWENI,2022,24,97.8
CHAKE-CHAKE,2022,24,97.8
MKOANI,2022,24,97.8
MAGHARIBI  B,2022,24,97.8
KUSINI,2022,24,97.8
MJINI,2022,24,97.8
KASKAZINI B,2022,24,97.8
MAGHARIBI  A,2022,24,97.8
KASKAZINI A,2022,24,97.8
KATI,2022,24,97.8
WETE,2022,25,97.8
MICHEWENI,2022,25,97.8
CHAKE-CHAKE,2022,25,97.8
MKOANI,2022,25,97.8
MAGHARIBI  B,2022,25,97.8
KUSINI,2022,25,97.8
MJINI,2022,25,97.8
KASKAZINI B,2022,25,97.8
MAGHARIBI  A,2022,25,97.8
KASKAZINI A,2022,25,97.8
KATI,2022,25,97.8
WETE,2022,26,97.8
MICHEWENI,2022,26,97.8
CHAKE-CHAKE,2022,26,97.8
MKOANI,2022,26,97.8
MAGHARIBI  B,2022,26,97.8
KUSINI,2022,26,97.8
MJINI,2022,26,97.8
KASKAZINI B,2022,26,97.8
MAGHARIBI  A,2022,26,97.8
KASKAZINI A,2022,26,97.8
KATI,2022,26,97.8
WETE,2022,27,97.8
MICHEWENI,2022,27,97.8
CHAKE-CHAKE,2022,27,97.8
MKOANI,2022,27,97.8
MAGHARIBI  B,2022,27,97.8
KUSINI,2022,27,97.8
MJINI,2022,27,97.8
KASKAZINI B,2022,27,97.8
MAGHARIBI  A,2022,27,97.8
KASKAZINI A,2022,27,97.8
KATI,2022,27,97.8
WETE,2022,28,97.8
MICHEWENI,2022,28,97.8
CHAKE-CHAKE,2022,28,97.8
MKOANI,2022,28,97.8
MAGHARIBI  B,2022,28,97.8
KUSINI,2022,28,97.8
MJINI,2022,28,97.8
KASKAZINI B,2022,28,97.8
MAGHARIBI  A,2022,28,97.8
KASKAZINI A,2022,28,97.8
KATI,2022,28,97.8
WETE,2022,29,97.8
MICHEWENI,2022,29,97.8
CHAKE-CHAKE,2022,29,97.8
MKOANI,2022,29,97.8
MAGHARIBI  B,2022,29,97.8
KUSINI,2022,29,97.8
MJINI,2022,29,97.8
KASKAZINI B,2022,29,97.8
MAGHARIBI  A,2022,29,97.8
KASKAZINI A,2022,29,97.8
KATI,2022,29,97.8
WETE,2022,30,97.8
MICHEWENI,2022,30,97.8
CHAKE-CHAKE,2022,30,97.8
MKOANI,2022,30,97.8
MAGHARIBI  B,2022,30,97.8
KUSINI,2022,30,97.8
MJINI,2022,30,97.8
KASKAZINI B,2022,30,97.8
MAGHARIBI  A,2022,30,97.8
KASKAZINI A,2022,30,97.8
KATI,2022,30,97.8
WETE,2022,31,97.8
MICHEWENI,2022,31,97.8
CHAKE-CHAKE,2022,31,97.8
MKOANI,2022,31,97.8
MAGHARIBI  B,2022,31,97.8
KUSINI,2022,31,97.8
MJINI,2022,31,97.8
KASKAZINI B,2022,31,97.8
MAGHARIBI  A,2022,31,97.8
KASKAZINI A,2022,31,97.8
KATI,2022,31,97.8
WETE,2022,32,97.8
MICHEWENI,2022,32,97.8
CHAKE-CHAKE,2022,32,97.8
MKOANI,2022,32,97.8
MAGHARIBI  B,2022,32,97.8
KUSINI,2022,32,97.8
MJINI,2022,32,97.8
KASKAZINI B,2022,32,97.8
MAGHARIBI  A,2022,32,97.8
KASKAZINI A,2022,32,97.8
KATI,2022,32,97.8
WETE,2022,33,97.8
MICHEWENI,2022,33,97.8
CHAKE-CHAKE,2022,33,97.8
MKOANI,2022,33,97.8
MAGHARIBI  B,2022,33,97.8
KUSINI,2022,33,97.8
MJINI,2022,33,97.8
KASKAZINI B,2022,33,97.8
MAGHARIBI  A,2022,33,97.8
KASKAZINI A,2022,33,97.8
KATI,2022,33,97.8
WETE,2022,34,97.8
MICHEWENI,2022,34,97.8
CHAKE-CHAKE,2022,34,97.8
MKOANI,2022,34,97.8
MAGHARIBI  B,2022,34,97.8
KUSINI,2022,34,97.8
MJINI,2022,34,97.8
KASKAZINI B,2022,34,97.8
MAGHARIBI  A,2022,34,97.8
KASKAZINI A,2022,34,97.8
KATI,2022,34,97.8
WETE,2022,35,97.8
MICHEWENI,2022,35,97.8
CHAKE-CHAKE,2022,35,97.8
MKOANI,2022,35,97.8
MAGHARIBI  B,2022,35,97.8
KUSINI,2022,35,97.8
MJINI,2022,35,97.8
KASKAZINI B,2022,35,97.8
MAGHARIBI  A,2022,35,97.8
KASKAZINI A,2022,35,97.8
KATI,2022,35,97.8
WETE,2022,36,97.8
MICHEWENI,2022,36,97.8
CHAKE-CHAKE,2022,36,97.8
MKOANI,2022,36,97.8
MAGHARIBI  B,2022,36,97.8
KUSINI,2022,36,97.8
MJINI,2022,36,97.8
KASKAZINI B,2022,36,97.8
MAGHARIBI  A,2022,36,97.8
KASKAZINI A,2022,36,97.8
KATI,2022,36,97.8
WETE,2022,37,97.8
MICHEWENI,2022,37,97.8
CHAKE-CHAKE,2022,37,97.8
MKOANI,2022,37,97.8
MAGHARIBI  B,2022,37,97.8
KUSINI,2022,37,97.8
MJINI,2022,37,97.8
KASKAZINI B,2022,37,97.8
MAGHARIBI  A,2022,37,97.8
KASKAZINI A,2022,37,97.8
KATI,2022,37,97.8
WETE,2022,38,97.8
MICHEWENI,2022,38,97.8
CHAKE-CHAKE,2022,38,97.8
MKOANI,2022,38,97.8
MAGHARIBI  B,2022,38,97.8
KUSINI,2022,38,97.8
MJINI,2022,38,97.8
KASKAZINI B,2022,38,97.8
MAGHARIBI  A,2022,38,97.8
KASKAZINI A,2022,38,97.8
KATI,2022,38,97.8
WETE,2022,39,97.8
MICHEWENI,2022,39,97.8
CHAKE-CHAKE,2022,39,97.8
MKOANI,2022,39,97.8
MAGHARIBI  B,2022,39,97.8
KUSINI,2022,39,97.8
MJINI,2022,39,97.8
KASKAZINI B,2022,39,97.8
MAGHARIBI  A,2022,39,97.8
KASKAZINI A,2022,39,97.8
KATI,2022,39,97.8
WETE,2022,40,97.8
MICHEWENI,2022,40,97.8
CHAKE-CHAKE,2022,40,97.8
MKOANI,2022,40,97.8
MAGHARIBI  B,2022,40,97.8
KUSINI,2022,40,97.8
MJINI,2022,40,97.8
KASKAZINI B,2022,40,97.8
MAGHARIBI  A,2022,40,97.8
KASKAZINI A,2022,40,97.8
KATI,2022,40,97.8
WETE,2022,41,97.8
MICHEWENI,2022,41,97.8
CHAKE-CHAKE,2022,41,97.8
MKOANI,2022,41,97.8
MAGHARIBI  B,2022,41,97.8
KUSINI,2022,41,97.8
MJINI,2022,41,97.8
KASKAZINI B,2022,41,97.8
MAGHARIBI  A,2022,41,97.8
KASKAZINI A,2022,41,97.8
KATI,2022,41,97.8
WETE,2022,42,97.8
MICHEWENI,2022,42,97.8
CHAKE-CHAKE,2022,42,97.8
MKOANI,2022,42,97.8
MAGHARIBI  B,2022,42,97.8
KUSINI,2022,42,97.8
MJINI,2022,42,97.8
KASKAZINI B,2022,42,97.8
MAGHARIBI  A,2022,42,97.8
KASKAZINI A,2022,42,97.8
KATI,2022,42,97.8
WETE,2022,43,97.8
MICHEWENI,2022,43,97.8
CHAKE-CHAKE,2022,43,97.8
MKOANI,2022,43,97.8
MAGHARIBI  B,2022,43,97.8
KUSINI,2022,43,97.8
MJINI,2022,43,97.8
KASKAZINI B,2022,43,97.8
MAGHARIBI  A,2022,43,97.8
KASKAZINI A,2022,43,97.8
KATI,2022,43,97.8
WETE,2022,44,97.8
MICHEWENI,2022,44,97.8
CHAKE-CHAKE,2022,44,97.8
MKOANI,2022,44,97.8
MAGHARIBI  B,2022,44,97.8
KUSINI,2022,44,97.8
MJINI,2022,44,97.8
KASKAZINI B,2022,44,97.8
MAGHARIBI  A,2022,44,97.8
KASKAZINI A,2022,44,97.8
KATI,2022,44,97.8
WETE,2022,45,97.8
MICHEWENI,2022,45,97.8
CHAKE-CHAKE,2022,45,97.8
MKOANI,2022,45,97.8
MAGHARIBI  B,2022,45,97.8
KUSINI,2022,45,97.8
MJINI,2022,45,97.8
KASKAZINI B,2022,45,97.8
MAGHARIBI  A,2022,45,97.8
KASKAZINI A,2022,45,97.8
KATI,2022,45,97.8
WETE,2022,46,97.8
MICHEWENI,2022,46,97.8
CHAKE-CHAKE,2022,46,97.8
MKOANI,2022,46,97.8
MAGHARIBI  B,2022,46,97.8
KUSINI,2022,46,97.8
MJINI,2022,46,97.8
KASKAZINI B,2022,46,97.8
MAGHARIBI  A,2022,46,97.8
KASKAZINI A,2022,46,97.8
KATI,2022,46,97.8
WETE,2022,47,97.8
MICHEWENI,2022,47,97.8
CHAKE-CHAKE,2022,47,97.8
MKOANI,2022,47,97.8
MAGHARIBI  B,2022,47,97.8
KUSINI,2022,47,97.8
MJINI,2022,47,97.8
KASKAZINI B,2022,47,97.8
MAGHARIBI  A,2022,47,97.8
KASKAZINI A,2022,47,97.8
KATI,2022,47,97.8
WETE,2022,48,97.8
MICHEWENI,2022,48,97.8
CHAKE-CHAKE,2022,48,97.8
MKOANI,2022,48,97.8
MAGHARIBI  B,2022,48,97.8
KUSINI,2022,48,97.8
MJINI,2022,48,97.8
KASKAZINI B,2022,48,97.8
MAGHARIBI  A,2022,48,97.8
KASKAZINI A,2022,48,97.8
KATI,2022,48,97.8
WETE,2022,49,97.8
MICHEWENI,2022,49,97.8
CHAKE-CHAKE,2022,49,97.8
MKOANI,2022,49,97.8
MAGHARIBI  B,2022,49,97.8
KUSINI,2022,49,97.8
MJINI,2022,49,97.8
KASKAZINI B,2022,49,97.8
MAGHARIBI  A,2022,49,97.8
KASKAZINI A,2022,49,97.8
KATI,2022,49,97.8
WETE,2022,50,97.8
MICHEWENI,2022,50,97.8
CHAKE-CHAKE,2022,50,97.8
MKOANI,2022,50,97.8
MAGHARIBI  B,2022,50,97.8
KUSINI,2022,50,97.8
MJINI,2022,50,97.8
KASKAZINI B,2022,50,97.8
MAGHARIBI  A,2022,50,97.8
KASKAZINI A,2022,50,97.8
KATI,2022,50,97.8
WETE,2022,51,97.8
MICHEWENI,2022,51,97.8
CHAKE-CHAKE,2022,51,97.8
MKOANI,2022,51,97.8
MAGHARIBI  B,2022,51,97.8
KUSINI,2022,51,97.8
MJINI,2022,51,97.8
KASKAZINI B,2022,51,97.8
MAGHARIBI  A,2022,51,97.8
KASKAZINI A,2022,51,97.8
KATI,2022,51,97.8
WETE,2022,52,97.8
MICHEWENI,2022,52,97.8
CHAKE-CHAKE,2022,52,97.8
MKOANI,2022,52,97.8
MAGHARIBI  B,2022,52,97.8
KUSINI,2022,52,97.8
MJINI,2022,52,97.8
KASKAZINI B,2022,52,97.8
MAGHARIBI  A,2022,52,97.8
KASKAZINI A,2022,52,97.8
KATI,2022,52,97.8
WETE,2023,1,94.0
MICHEWENI,2023,1,94.0
CHAKE-CHAKE,2023,1,94.0
MKOANI,2023,1,94.0
MAGHARIBI  B,2023,1,94.0
KUSINI,2023,1,94.0
MJINI,2023,1,94.0
KASKAZINI B,2023,1,94.0
MAGHARIBI  A,2023,1,94.0
KASKAZINI A,2023,1,94.0
KATI,2023,1,94.0
WETE,2023,2,94.0
MICHEWENI,2023,2,94.0
CHAKE-CHAKE,2023,2,94.0
MKOANI,2023,2,94.0
MAGHARIBI  B,2023,2,94.0
KUSINI,2023,2,94.0
MJINI,2023,2,94.0
KASKAZINI B,2023,2,94.0
MAGHARIBI  A,2023,2,94.0
KASKAZINI A,2023,2,94.0
KATI,2023,2,94.0
WETE,2023,3,94.0
MICHEWENI,2023,3,94.0
CHAKE-CHAKE,2023,3,94.0
MKOANI,2023,3,94.0
MAGHARIBI  B,2023,3,94.0
KUSINI,2023,3,94.0
MJINI,2023,3,94.0
KASKAZINI B,2023,3,94.0
MAGHARIBI  A,2023,3,94.0
KASKAZINI A,2023,3,94.0
KATI,2023,3,94.0
WETE,2023,4,94.0
MICHEWENI,2023,4,94.0
CHAKE-CHAKE,2023,4,94.0
MKOANI,2023,4,94.0
MAGHARIBI  B,2023,4,94.0
KUSINI,2023,4,94.0
MJINI,2023,4,94.0
KASKAZINI B,2023,4,94.0
MAGHARIBI  A,2023,4,94.0
KASKAZINI A,2023,4,94.0
KATI,2023,4,94.0
WETE,2023,5,94.0
MICHEWENI,2023,5,94.0
CHAKE-CHAKE,2023,5,94.0
MKOANI,2023,5,94.0
MAGHARIBI  B,2023,5,94.0
KUSINI,2023,5,94.0
MJINI,2023,5,94.0
KASKAZINI B,2023,5,94.0
MAGHARIBI  A,2023,5,94.0
KASKAZINI A,2023,5,94.0
KATI,2023,5,94.0
WETE,2023,6,94.0
MICHEWENI,2023,6,94.0
CHAKE-CHAKE,2023,6,94.0
MKOANI,2023,6,94.0
MAGHARIBI  B,2023,6,94.0
KUSINI,2023,6,94.0
MJINI,2023,6,94.0
KASKAZINI B,2023,6,94.0
MAGHARIBI  A,2023,6,94.0
KASKAZINI A,2023,6,94.0
KATI,2023,6,94.0
WETE,2023,7,94.0
MICHEWENI,2023,7,94.0
CHAKE-CHAKE,2023,7,94.0
MKOANI,2023,7,94.0
MAGHARIBI  B,2023,7,94.0
KUSINI,2023,7,94.0
MJINI,2023,7,94.0
KASKAZINI B,2023,7,94.0
MAGHARIBI  A,2023,7,94.0
KASKAZINI A,2023,7,94.0
KATI,2023,7,94.0
WETE,2023,8,94.0
MICHEWENI,2023,8,94.0
CHAKE-CHAKE,2023,8,94.0
MKOANI,2023,8,94.0
MAGHARIBI  B,2023,8,94.0
KUSINI,2023,8,94.0
MJINI,2023,8,94.0
KASKAZINI B,2023,8,94.0
MAGHARIBI  A,2023,8,94.0
KASKAZINI A,2023,8,94.0
KATI,2023,8,94.0
WETE,2023,9,94.0
MICHEWENI,2023,9,94.0
CHAKE-CHAKE,2023,9,94.0
MKOANI,2023,9,94.0
MAGHARIBI  B,2023,9,94.0
KUSINI,2023,9,94.0
MJINI,2023,9,94.0
KASKAZINI B,2023,9,94.0
MAGHARIBI  A,2023,9,94.0
KASKAZINI A,2023,9,94.0
KATI,2023,9,94.0
WETE,2023,10,94.0
MICHEWENI,2023,10,94.0
CHAKE-CHAKE,2023,10,94.0
MKOANI,2023,10,94.0
MAGHARIBI  B,2023,10,94.0
KUSINI,2023,10,94.0
MJINI,2023,10,94.0
KASKAZINI B,2023,10,94.0
MAGHARIBI  A,2023,10,94.0
KASKAZINI A,2023,10,94.0
KATI,2023,10,94.0
WETE,2023,11,94.0
MICHEWENI,2023,11,94.0
CHAKE-CHAKE,2023,11,94.0
MKOANI,2023,11,94.0
MAGHARIBI  B,2023,11,94.0
KUSINI,2023,11,94.0
MJINI,2023,11,94.0
KASKAZINI B,2023,11,94.0
MAGHARIBI  A,2023,11,94.0
KASKAZINI A,2023,11,94.0
KATI,2023,11,94.0
WETE,2023,12,94.0
MICHEWENI,2023,12,94.0
CHAKE-CHAKE,2023,12,94.0
MKOANI,2023,12,94.0
MAGHARIBI  B,2023,12,94.0
KUSINI,2023,12,94.0
MJINI,2023,12,94.0
KASKAZINI B,2023,12,94.0
MAGHARIBI  A,2023,12,94.0
KASKAZINI A,2023,12,94.0
KATI,2023,12,94.0
WETE,2023,13,94.0
MICHEWENI,2023,13,94.0
CHAKE-CHAKE,2023,13,94.0
MKOANI,2023,13,94.0
MAGHARIBI  B,2023,13,94.0
KUSINI,2023,13,94.0
MJINI,2023,13,94.0
KASKAZINI B,2023,13,94.0
MAGHARIBI  A,2023,13,94.0
KASKAZINI A,2023,13,94.0
KATI,2023,13,94.0
WETE,2023,14,94.0
MICHEWENI,2023,14,94.0
CHAKE-CHAKE,2023,14,94.0
MKOANI,2023,14,94.0
MAGHARIBI  B,2023,14,94.0
KUSINI,2023,14,94.0
MJINI,2023,14,94.0
KASKAZINI B,2023,14,94.0
MAGHARIBI  A,2023,14,94.0
KASKAZINI A,2023,14,94.0
KATI,2023,14,94.0
WETE,2023,15,94.0
MICHEWENI,2023,15,94.0
CHAKE-CHAKE,2023,15,94.0
MKOANI,2023,15,94.0
MAGHARIBI  B,2023,15,94.0
KUSINI,2023,15,94.0
MJINI,2023,15,94.0
KASKAZINI B,2023,15,94.0
MAGHARIBI  A,2023,15,94.0
KASKAZINI A,2023,15,94.0
KATI,2023,15,94.0
WETE,2023,16,94.0
MICHEWENI,2023,16,94.0
CHAKE-CHAKE,2023,16,94.0
MKOANI,2023,16,94.0
MAGHARIBI  B,2023,16,94.0
KUSINI,2023,16,94.0
MJINI,2023,16,94.0
KASKAZINI B,2023,16,94.0
MAGHARIBI  A,2023,16,94.0
KASKAZINI A,2023,16,94.0
KATI,2023,16,94.0
WETE,2023,17,94.0
MICHEWENI,2023,17,94.0
CHAKE-CHAKE,2023,17,94.0
MKOANI,2023,17,94.0
MAGHARIBI  B,2023,17,94.0
KUSINI,2023,17,94.0
MJINI,2023,17,94.0
KASKAZINI B,2023,17,94.0
MAGHARIBI  A,2023,17,94.0
KASKAZINI A,2023,17,94.0
KATI,2023,17,94.0
WETE,2023,18,94.0
MICHEWENI,2023,18,94.0
CHAKE-CHAKE,2023,18,94.0
MKOANI,2023,18,94.0
MAGHARIBI  B,2023,18,94.0
KUSINI,2023,18,94.0
MJINI,2023,18,94.0
KASKAZINI B,2023,18,94.0
MAGHARIBI  A,2023,18,94.0
KASKAZINI A,2023,18,94.0
KATI,2023,18,94.0
WETE,2023,19,94.0
MICHEWENI,2023,19,94.0
CHAKE-CHAKE,2023,19,94.0
MKOANI,2023,19,94.0
MAGHARIBI  B,2023,19,94.0
KUSINI,2023,19,94.0
MJINI,2023,19,94.0
KASKAZINI B,2023,19,94.0
MAGHARIBI  A,2023,19,94.0
KASKAZINI A,2023,19,94.0
KATI,2023,19,94.0
WETE,2023,20,94.0
MICHEWENI,2023,20,94.0
CHAKE-CHAKE,2023,20,94.0
MKOANI,2023,20,94.0
MAGHARIBI  B,2023,20,94.0
KUSINI,2023,20,94.0
MJINI,2023,20,94.0
KASKAZINI B,2023,20,94.0
MAGHARIBI  A,2023,20,94.0
KASKAZINI A,2023,20,94.0
KATI,2023,20,94.0
WETE,2023,21,94.0
MICHEWENI,2023,21,94.0
CHAKE-CHAKE,2023,21,94.0
MKOANI,2023,21,94.0
MAGHARIBI  B,2023,21,94.0
KUSINI,2023,21,94.0
MJINI,2023,21,94.0
KASKAZINI B,2023,21,94.0
MAGHARIBI  A,2023,21,94.0
KASKAZINI A,2023,21,94.0
KATI,2023,21,94.0
WETE,2023,22,94.0
MICHEWENI,2023,22,94.0
CHAKE-CHAKE,2023,22,94.0
MKOANI,2023,22,94.0
MAGHARIBI  B,2023,22,94.0
KUSINI,2023,22,94.0
MJINI,2023,22,94.0
KASKAZINI B,2023,22,94.0
MAGHARIBI  A,2023,22,94.0
KASKAZINI A,2023,22,94.0
KATI,2023,22,94.0
WETE,2023,23,94.0
MICHEWENI,2023,23,94.0
CHAKE-CHAKE,2023,23,94.0
MKOANI,2023,23,94.0
MAGHARIBI  B,2023,23,94.0
KUSINI,2023,23,94.0
MJINI,2023,23,94.0
KASKAZINI B,2023,23,94.0
MAGHARIBI  A,2023,23,94.0
KASKAZINI A,2023,23,94.0
KATI,2023,23,94.0
WETE,2023,24,94.0
MICHEWENI,2023,24,94.0
CHAKE-CHAKE,2023,24,94.0
MKOANI,2023,24,94.0
MAGHARIBI  B,2023,24,94.0
KUSINI,2023,24,94.0
MJINI,2023,24,94.0
KASKAZINI B,2023,24,94.0
MAGHARIBI  A,2023,24,94.0
KASKAZINI A,2023,24,94.0
KATI,2023,24,94.0
WETE,2023,25,94.0
MICHEWENI,2023,25,94.0
CHAKE-CHAKE,2023,25,94.0
MKOANI,2023,25,94.0
MAGHARIBI  B,2023,25,94.0
KUSINI,2023,25,94.0
MJINI,2023,25,94.0
KASKAZINI B,2023,25,94.0
MAGHARIBI  A,2023,25,94.0
KASKAZINI A,2023,25,94.0
KATI,2023,25,94.0
WETE,2023,26,94.0
MICHEWENI,2023,26,94.0
CHAKE-CHAKE,2023,26,94.0
MKOANI,2023,26,94.0
MAGHARIBI  B,2023,26,94.0
KUSINI,2023,26,94.0
MJINI,2023,26,94.0
KASKAZINI B,2023,26,94.0
MAGHARIBI  A,2023,26,94.0
KASKAZINI A,2023,26,94.0
KATI,2023,26,94.0
WETE,2023,27,94.0
MICHEWENI,2023,27,94.0
CHAKE-CHAKE,2023,27,94.0
MKOANI,2023,27,94.0
MAGHARIBI  B,2023,27,94.0
KUSINI,2023,27,94.0
MJINI,2023,27,94.0
KASKAZINI B,2023,27,94.0
MAGHARIBI  A,2023,27,94.0
KASKAZINI A,2023,27,94.0
KATI,2023,27,94.0
WETE,2023,28,94.0
MICHEWENI,2023,28,94.0
CHAKE-CHAKE,2023,28,94.0
MKOANI,2023,28,94.0
MAGHARIBI  B,2023,28,94.0
KUSINI,2023,28,94.0
MJINI,2023,28,94.0
KASKAZINI B,2023,28,94.0
MAGHARIBI  A,2023,28,94.0
KASKAZINI A,2023,28,94.0
KATI,2023,28,94.0
WETE,2023,29,94.0
MICHEWENI,2023,29,94.0
CHAKE-CHAKE,2023,29,94.0
MKOANI,2023,29,94.0
MAGHARIBI  B,2023,29,94.0
KUSINI,2023,29,94.0
MJINI,2023,29,94.0
KASKAZINI B,2023,29,94.0
MAGHARIBI  A,2023,29,94.0
KASKAZINI A,2023,29,94.0
KATI,2023,29,94.0
WETE,2023,30,94.0
MICHEWENI,2023,30,94.0
CHAKE-CHAKE,2023,30,94.0
MKOANI,2023,30,94.0
MAGHARIBI  B,2023,30,94.0
KUSINI,2023,30,94.0
MJINI,2023,30,94.0
KASKAZINI B,2023,30,94.0
MAGHARIBI  A,2023,30,94.0
KASKAZINI A,2023,30,94.0
KATI,2023,30,94.0
WETE,2023,31,94.0
MICHEWENI,2023,31,94.0
CHAKE-CHAKE,2023,31,94.0
MKOANI,2023,31,94.0
MAGHARIBI  B,2023,31,94.0
KUSINI,2023,31,94.0
MJINI,2023,31,94.0
KASKAZINI B,2023,31,94.0
MAGHARIBI  A,2023,31,94.0
KASKAZINI A,2023,31,94.0
KATI,2023,31,94.0
WETE,2023,32,94.0
MICHEWENI,2023,32,94.0
CHAKE-CHAKE,2023,32,94.0
MKOANI,2023,32,94.0
MAGHARIBI  B,2023,32,94.0
KUSINI,2023,32,94.0
MJINI,2023,32,94.0
KASKAZINI B,2023,32,94.0
MAGHARIBI  A,2023,32,94.0
KASKAZINI A,2023,32,94.0
KATI,2023,32,94.0
WETE,2023,33,94.0
MICHEWENI,2023,33,94.0
CHAKE-CHAKE,2023,33,94.0
MKOANI,2023,33,94.0
MAGHARIBI  B,2023,33,94.0
KUSINI,2023,33,94.0
MJINI,2023,33,94.0
KASKAZINI B,2023,33,94.0
MAGHARIBI  A,2023,33,94.0
KASKAZINI A,2023,33,94.0
KATI,2023,33,94.0
WETE,2023,34,94.0
MICHEWENI,2023,34,94.0
CHAKE-CHAKE,2023,34,94.0
MKOANI,2023,34,94.0
MAGHARIBI  B,2023,34,94.0
KUSINI,2023,34,94.0
MJINI,2023,34,94.0
KASKAZINI B,2023,34,94.0
MAGHARIBI  A,2023,34,94.0
KASKAZINI A,2023,34,94.0
KATI,2023,34,94.0
WETE,2023,35,94.0
MICHEWENI,2023,35,94.0
CHAKE-CHAKE,2023,35,94.0
MKOANI,2023,35,94.0
MAGHARIBI  B,2023,35,94.0
KUSINI,2023,35,94.0
MJINI,2023,35,94.0
KASKAZINI B,2023,35,94.0
MAGHARIBI  A,2023,35,94.0
KASKAZINI A,2023,35,94.0
KATI,2023,35,94.0
WETE,2023,36,94.0
MICHEWENI,2023,36,94.0
CHAKE-CHAKE,2023,36,94.0
MKOANI,2023,36,94.0
MAGHARIBI  B,2023,36,94.0
KUSINI,2023,36,94.0
MJINI,2023,36,94.0
KASKAZINI B,2023,36,94.0
MAGHARIBI  A,2023,36,94.0
KASKAZINI A,2023,36,94.0
KATI,2023,36,94.0
WETE,2023,37,94.0
MICHEWENI,2023,37,94.0
CHAKE-CHAKE,2023,37,94.0
MKOANI,2023,37,94.0
MAGHARIBI  B,2023,37,94.0
KUSINI,2023,37,94.0
MJINI,2023,37,94.0
KASKAZINI B,2023,37,94.0
MAGHARIBI  A,2023,37,94.0
KASKAZINI A,2023,37,94.0
KATI,2023,37,94.0
WETE,2023,38,94.0
MICHEWENI,2023,38,94.0
CHAKE-CHAKE,2023,38,94.0
MKOANI,2023,38,94.0
MAGHARIBI  B,2023,38,94.0
KUSINI,2023,38,94.0
MJINI,2023,38,94.0
KASKAZINI B,2023,38,94.0
MAGHARIBI  A,2023,38,94.0
KASKAZINI A,2023,38,94.0
KATI,2023,38,94.0
WETE,2023,39,94.0
MICHEWENI,2023,39,94.0
CHAKE-CHAKE,2023,39,94.0
MKOANI,2023,39,94.0
MAGHARIBI  B,2023,39,94.0
KUSINI,2023,39,94.0
MJINI,2023,39,94.0
KASKAZINI B,2023,39,94.0
MAGHARIBI  A,2023,39,94.0
KASKAZINI A,2023,39,94.0
KATI,2023,39,94.0
WETE,2023,40,94.0
MICHEWENI,2023,40,94.0
CHAKE-CHAKE,2023,40,94.0
MKOANI,2023,40,94.0
MAGHARIBI  B,2023,40,94.0
KUSINI,2023,40,94.0
MJINI,2023,40,94.0
KASKAZINI B,2023,40,94.0
MAGHARIBI  A,2023,40,94.0
KASKAZINI A,2023,40,94.0
KATI,2023,40,94.0
WETE,2023,41,94.0
MICHEWENI,2023,41,94.0
CHAKE-CHAKE,2023,41,94.0
MKOANI,2023,41,94.0
MAGHARIBI  B,2023,41,94.0
KUSINI,2023,41,94.0
MJINI,2023,41,94.0
KASKAZINI B,2023,41,94.0
MAGHARIBI  A,2023,41,94.0
KASKAZINI A,2023,41,94.0
KATI,2023,41,94.0
WETE,2023,42,94.0
MICHEWENI,2023,42,94.0
CHAKE-CHAKE,2023,42,94.0
MKOANI,2023,42,94.0
MAGHARIBI  B,2023,42,94.0
KUSINI,2023,42,94.0
MJINI,2023,42,94.0
KASKAZINI B,2023,42,94.0
MAGHARIBI  A,2023,42,94.0
KASKAZINI A,2023,42,94.0
KATI,2023,42,94.0
WETE,2023,43,94.0
MICHEWENI,2023,43,94.0
CHAKE-CHAKE,2023,43,94.0
MKOANI,2023,43,94.0
MAGHARIBI  B,2023,43,94.0
KUSINI,2023,43,94.0
MJINI,2023,43,94.0
KASKAZINI B,2023,43,94.0
MAGHARIBI  A,2023,43,94.0
KASKAZINI A,2023,43,94.0
KATI,2023,43,94.0
WETE,2023,44,94.0
MICHEWENI,2023,44,94.0
CHAKE-CHAKE,2023,44,94.0
MKOANI,2023,44,94.0
MAGHARIBI  B,2023,44,94.0
KUSINI,2023,44,94.0
MJINI,2023,44,94.0
KASKAZINI B,2023,44,94.0
MAGHARIBI  A,2023,44,94.0
KASKAZINI A,2023,44,94.0
KATI,2023,44,94.0
WETE,2023,45,94.0
MICHEWENI,2023,45,94.0
CHAKE-CHAKE,2023,45,94.0
MKOANI,2023,45,94.0
MAGHARIBI  B,2023,45,94.0
KUSINI,2023,45,94.0
MJINI,2023,45,94.0
KASKAZINI B,2023,45,94.0
MAGHARIBI  A,2023,45,94.0
KASKAZINI A,2023,45,94.0
KATI,2023,45,94.0
WETE,2023,46,94.0
MICHEWENI,2023,46,94.0
CHAKE-CHAKE,2023,46,94.0
MKOANI,2023,46,94.0
MAGHARIBI  B,2023,46,94.0
KUSINI,2023,46,94.0
MJINI,2023,46,94.0
KASKAZINI B,2023,46,94.0
MAGHARIBI  A,2023,46,94.0
KASKAZINI A,2023,46,94.0
KATI,2023,46,94.0
WETE,2023,47,94.0
MICHEWENI,2023,47,94.0
CHAKE-CHAKE,2023,47,94.0
MKOANI,2023,47,94.0
MAGHARIBI  B,2023,47,94.0
KUSINI,2023,47,94.0
MJINI,2023,47,94.0
KASKAZINI B,2023,47,94.0
MAGHARIBI  A,2023,47,94.0
KASKAZINI A,2023,47,94.0
KATI,2023,47,94.0
WETE,2023,48,94.0
MICHEWENI,2023,48,94.0
CHAKE-CHAKE,2023,48,94.0
MKOANI,2023,48,94.0
MAGHARIBI  B,2023,48,94.0
KUSINI,2023,48,94.0
MJINI,2023,48,94.0
KASKAZINI B,2023,48,94.0
MAGHARIBI  A,2023,48,94.0
KASKAZINI A,2023,48,94.0
KATI,2023,48,94.0
WETE,2023,49,94.0
MICHEWENI,2023,49,94.0
CHAKE-CHAKE,2023,49,94.0
MKOANI,2023,49,94.0
MAGHARIBI  B,2023,49,94.0
KUSINI,2023,49,94.0
MJINI,2023,49,94.0
KASKAZINI B,2023,49,94.0
MAGHARIBI  A,2023,49,94.0
KASKAZINI A,2023,49,94.0
KATI,2023,49,94.0
WETE,2023,50,94.0
MICHEWENI,2023,50,94.0
CHAKE-CHAKE,2023,50,94.0
MKOANI,2023,50,94.0
MAGHARIBI  B,2023,50,94.0
KUSINI,2023,50,94.0
MJINI,2023,50,94.0
KASKAZINI B,2023,50,94.0
MAGHARIBI  A,2023,50,94.0
KASKAZINI A,2023,50,94.0
KATI,2023,50,94.0
WETE,2023,51,94.0
MICHEWENI,2023,51,94.0
CHAKE-CHAKE,2023,51,94.0
MKOANI,2023,51,94.0
MAGHARIBI  B,2023,51,94.0
KUSINI,2023,51,94.0
MJINI,2023,51,94.0
KASKAZINI B,2023,51,94.0
MAGHARIBI  A,2023,51,94.0
KASKAZINI A,2023,51,94.0
KATI,2023,51,94.0
WETE,2023,52,94.0
MICHEWENI,2023,52,94.0
CHAKE-CHAKE,2023,52,94.0
MKOANI,2023,52,94.0
MAGHARIBI  B,2023,52,94.0
KUSINI,2023,52,94.0
MJINI,2023,52,94.0
KASKAZINI B,2023,52,94.0
MAGHARIBI  A,2023,52,94.0
KASKAZINI A,2023,52,94.0
KATI,2023,52,94.0
