District,Station,Year,Month,Week,Max Temperature
Zanzibar,Zanzibar,2023,Jan,1st week,32.1428571428571
Zanzibar,Zanzibar,2023,Feb,1st week,33.3571428571429
Zanzibar,Zanzibar,2023,Mar,1st week,33.9142857142857
Zanzibar,Zanzibar,2023,Apr,1st week,31.5857142857143
Zanzibar,Zanzibar,2023,May,1st week,30.8857142857143
Zanzibar,Zanzibar,2023,Jun,1st week,28.7571428571429
Zanzibar,Zanzibar,2023,Jul,1st week,28.4428571428571
Zanzibar,Zanzibar,2023,Aug,1st week,29.3857142857143
Zanzibar,Zanzibar,2023,Sep,1st week,31.2428571428571
Zanzibar,Zanzibar,2023,Oct,1st week,30.7142857142857
Zanzibar,Zanzibar,2023,Nov,1st week,27.8714285714286
Zanzibar,Zanzibar,2023,Dec,1st week,30.7142857142857
Zanzibar,Zanzibar,2023,Jan,2nd week,31.3285714285714
Zanzibar,Zanzibar,2023,Feb,2nd week,33.2571428571429
Zanzibar,Zanzibar,2023,Mar,2nd week,34.1428571428571
Zanzibar,Zanzibar,2023,Apr,2nd week,31.2714285714286
Zanzibar,Zanzibar,2023,May,2nd week,30.5142857142857
Zanzibar,Zanzibar,2023,Jun,2nd week,29.6714285714286
Zanzibar,Zanzibar,2023,Jul,2nd week,29.1571428571429
Zanzibar,Zanzibar,2023,Aug,2nd week,29.9428571428571
Zanzibar,Zanzibar,2023,Sep,2nd week,31.0571428571429
Zanzibar,Zanzibar,2023,Oct,2nd week,31.5285714285714
Zanzibar,Zanzibar,2023,Nov,2nd week,29.7
Zanzibar,Zanzibar,2023,Dec,2nd week,31.5285714285714
Zanzibar,Zanzibar,2023,Jan,3rd week,32.4142857142857
Zanzibar,Zanzibar,2023,Feb,3rd week,33.4714285714286
Zanzibar,Zanzibar,2023,Mar,3rd week,31.7571428571429
Zanzibar,Zanzibar,2023,Apr,3rd week,28.8142857142857
Zanzibar,Zanzibar,2023,May,3rd week,31.0714285714286
Zanzibar,Zanzibar,2023,Jun,3rd week,30.1285714285714
Zanzibar,Zanzibar,2023,Jul,3rd week,29.6285714285714
Zanzibar,Zanzibar,2023,Aug,3rd week,30.6571428571429
Zanzibar,Zanzibar,2023,Sep,3rd week,31.4285714285714
Zanzibar,Zanzibar,2023,Oct,3rd week,32.1571428571429
Zanzibar,Zanzibar,2023,Nov,3rd week,30.1
Zanzibar,Zanzibar,2023,Dec,3rd week,32.1571428571429
Zanzibar,Zanzibar,2023,Jan,4th week,32.7142857142857
Zanzibar,Zanzibar,2023,Feb,4th week,33.5142857142857
Zanzibar,Zanzibar,2023,Mar,4th week,31.3
Zanzibar,Zanzibar,2023,Apr,4th week,30.0571428571429
Zanzibar,Zanzibar,2023,May,4th week,29.9
Zanzibar,Zanzibar,2023,Jun,4th week,29.6
Zanzibar,Zanzibar,2023,Jul,4th week,28.5857142857143
Zanzibar,Zanzibar,2023,Aug,4th week,30.4285714285714
Zanzibar,Zanzibar,2023,Sep,4th week,30.8857142857143
Zanzibar,Zanzibar,2023,Oct,4th week,31.3285714285714
Zanzibar,Zanzibar,2023,Nov,4th week,30.3714285714286
Zanzibar,Zanzibar,2023,Dec,4th week,31.3285714285714
Zanzibar,Zanzibar,2022,Jan,1st week,33.6142857142857
Zanzibar,Zanzibar,2022,Feb,1st week,31.3714285714286
Zanzibar,Zanzibar,2022,Mar,1st week,33.8571428571429
Zanzibar,Zanzibar,2022,Apr,1st week,32.9285714285714
Zanzibar,Zanzibar,2022,May,1st week,30.4
Zanzibar,Zanzibar,2022,Jun,1st week,30.8142857142857
Zanzibar,Zanzibar,2022,Jul,1st week,28.6857142857143
Zanzibar,Zanzibar,2022,Aug,1st week,29.0857142857143
Zanzibar,Zanzibar,2022,Sep,1st week,30.0285714285714
Zanzibar,Zanzibar,2022,Oct,1st week,30.6714285714286
Zanzibar,Zanzibar,2022,Nov,1st week,31.4
Zanzibar,Zanzibar,2022,Dec,1st week,32.1
Zanzibar,Zanzibar,2022,Jan,2nd week,33.7571428571429
Zanzibar,Zanzibar,2022,Feb,2nd week,32.2714285714286
Zanzibar,Zanzibar,2022,Mar,2nd week,33.7285714285714
Zanzibar,Zanzibar,2022,Apr,2nd week,31.5285714285714
Zanzibar,Zanzibar,2022,May,2nd week,31.5285714285714
Zanzibar,Zanzibar,2022,Jun,2nd week,30.9714285714286
Zanzibar,Zanzibar,2022,Jul,2nd week,29.0428571428571
Zanzibar,Zanzibar,2022,Aug,2nd week,28.6857142857143
Zanzibar,Zanzibar,2022,Sep,2nd week,30.2571428571429
Zanzibar,Zanzibar,2022,Oct,2nd week,31.2428571428571
Zanzibar,Zanzibar,2022,Nov,2nd week,31.3
Zanzibar,Zanzibar,2022,Dec,2nd week,31.9857142857143
Zanzibar,Zanzibar,2022,Jan,3rd week,33.0285714285714
Zanzibar,Zanzibar,2022,Feb,3rd week,33.3428571428571
Zanzibar,Zanzibar,2022,Mar,3rd week,33.8714285714286
Zanzibar,Zanzibar,2022,Apr,3rd week,30.4
Zanzibar,Zanzibar,2022,May,3rd week,31.2428571428571
Zanzibar,Zanzibar,2022,Jun,3rd week,30.2285714285714
Zanzibar,Zanzibar,2022,Jul,3rd week,28.4428571428571
Zanzibar,Zanzibar,2022,Aug,3rd week,29.5571428571429
Zanzibar,Zanzibar,2022,Sep,3rd week,30.5714285714286
Zanzibar,Zanzibar,2022,Oct,3rd week,31.0428571428571
Zanzibar,Zanzibar,2022,Nov,3rd week,31.2
Zanzibar,Zanzibar,2022,Dec,3rd week,32.2857142857143
Zanzibar,Zanzibar,2022,Jan,4th week,31.0571428571429
Zanzibar,Zanzibar,2022,Feb,4th week,32.1285714285714
Zanzibar,Zanzibar,2022,Mar,4th week,32.8714285714286
Zanzibar,Zanzibar,2022,Apr,4th week,29.9714285714286
Zanzibar,Zanzibar,2022,May,4th week,31.7571428571429
Zanzibar,Zanzibar,2022,Jun,4th week,29.6571428571429
Zanzibar,Zanzibar,2022,Jul,4th week,28.6571428571429
Zanzibar,Zanzibar,2022,Aug,4th week,28.9857142857143
Zanzibar,Zanzibar,2022,Sep,4th week,30.8714285714286
Zanzibar,Zanzibar,2022,Oct,4th week,30.5714285714286
Zanzibar,Zanzibar,2022,Nov,4th week,30.5714285714286
Zanzibar,Zanzibar,2022,Dec,4th week,31.4
Zanzibar,Zanzibar,2021,Jan,1st week,31.4571428571429
Zanzibar,Zanzibar,2021,Feb,1st week,32.9428571428571
Zanzibar,Zanzibar,2021,Mar,1st week,33.9
Zanzibar,Zanzibar,2021,Apr,1st week,31.9142857142857
Zanzibar,Zanzibar,2021,May,1st week,28.9142857142857
Zanzibar,Zanzibar,2021,Jun,1st week,30.1714285714286
Zanzibar,Zanzibar,2021,Jul,1st week,29.7857142857143
Zanzibar,Zanzibar,2021,Aug,1st week,29.4
Zanzibar,Zanzibar,2021,Sep,1st week,30.2571428571429
Zanzibar,Zanzibar,2021,Oct,1st week,31.8857142857143
Zanzibar,Zanzibar,2021,Nov,1st week,33.0428571428571
Zanzibar,Zanzibar,2021,Dec,1st week,31.1714285714286
Zanzibar,Zanzibar,2021,Jan,2nd week,31.2
Zanzibar,Zanzibar,2021,Feb,2nd week,31.3714285714286
Zanzibar,Zanzibar,2021,Mar,2nd week,33.5285714285714
Zanzibar,Zanzibar,2021,Apr,2nd week,29.5857142857143
Zanzibar,Zanzibar,2021,May,2nd week,30.9857142857143
Zanzibar,Zanzibar,2021,Jun,2nd week,29.2
Zanzibar,Zanzibar,2021,Jul,2nd week,29.6428571428571
Zanzibar,Zanzibar,2021,Aug,2nd week,29.3714285714286
Zanzibar,Zanzibar,2021,Sep,2nd week,30.0285714285714
Zanzibar,Zanzibar,2021,Oct,2nd week,31.6
Zanzibar,Zanzibar,2021,Nov,2nd week,32.7142857142857
Zanzibar,Zanzibar,2021,Dec,2nd week,30.7428571428571
Zanzibar,Zanzibar,2021,Jan,3rd week,33.2428571428572
Zanzibar,Zanzibar,2021,Feb,3rd week,32.5
Zanzibar,Zanzibar,2021,Mar,3rd week,32.8714285714286
Zanzibar,Zanzibar,2021,Apr,3rd week,29.9571428571429
Zanzibar,Zanzibar,2021,May,3rd week,31.2285714285714
Zanzibar,Zanzibar,2021,Jun,3rd week,29.1571428571429
Zanzibar,Zanzibar,2021,Jul,3rd week,30.0571428571429
Zanzibar,Zanzibar,2021,Aug,3rd week,29.3714285714286
Zanzibar,Zanzibar,2021,Sep,3rd week,30.8
Zanzibar,Zanzibar,2021,Oct,3rd week,31.0714285714286
Zanzibar,Zanzibar,2021,Nov,3rd week,32.9714285714286
Zanzibar,Zanzibar,2021,Dec,3rd week,31.3714285714286
Zanzibar,Zanzibar,2021,Jan,4th week,32.9428571428571
Zanzibar,Zanzibar,2021,Feb,4th week,33.2428571428572
Zanzibar,Zanzibar,2021,Mar,4th week,32.8571428571429
Zanzibar,Zanzibar,2021,Apr,4th week,31.2571428571429
Zanzibar,Zanzibar,2021,May,4th week,30.7857142857143
Zanzibar,Zanzibar,2021,Jun,4th week,29.5142857142857
Zanzibar,Zanzibar,2021,Jul,4th week,29.5571428571429
Zanzibar,Zanzibar,2021,Aug,4th week,30.1
Zanzibar,Zanzibar,2021,Sep,4th week,30.7
Zanzibar,Zanzibar,2021,Oct,4th week,31.8571428571429
Zanzibar,Zanzibar,2021,Nov,4th week,32.6833333333333
Zanzibar,Zanzibar,2021,Dec,4th week,31.5285714285714
Zanzibar,Zanzibar,2020,Jan,1st week,33.7
Zanzibar,Zanzibar,2020,Feb,1st week,34.5142857142857
Zanzibar,Zanzibar,2020,Mar,1st week,32.2571428571429
Zanzibar,Zanzibar,2020,Apr,1st week,32.8857142857143
Zanzibar,Zanzibar,2020,May,1st week,30.2142857142857
Zanzibar,Zanzibar,2020,Jun,1st week,30.4571428571429
Zanzibar,Zanzibar,2020,Jul,1st week,29.7714285714286
Zanzibar,Zanzibar,2020,Aug,1st week,29.8571428571429
Zanzibar,Zanzibar,2020,Sep,1st week,29.9
Zanzibar,Zanzibar,2020,Oct,1st week,31.7857142857143
Zanzibar,Zanzibar,2020,Nov,1st week,30.0428571428571
Zanzibar,Zanzibar,2020,Dec,1st week,31.5285714285714
Zanzibar,Zanzibar,2020,Jan,2nd week,33.1285714285714
Zanzibar,Zanzibar,2020,Feb,2nd week,31.9857142857143
Zanzibar,Zanzibar,2020,Mar,2nd week,32.1857142857143
Zanzibar,Zanzibar,2020,Apr,2nd week,30.1571428571429
Zanzibar,Zanzibar,2020,May,2nd week,30.4571428571429
Zanzibar,Zanzibar,2020,Jun,2nd week,30.6428571428571
Zanzibar,Zanzibar,2020,Jul,2nd week,29.6
Zanzibar,Zanzibar,2020,Aug,2nd week,29.3285714285714
Zanzibar,Zanzibar,2020,Sep,2nd week,30.7
Zanzibar,Zanzibar,2020,Oct,2nd week,32.1142857142857
Zanzibar,Zanzibar,2020,Nov,2nd week,29.9428571428571
Zanzibar,Zanzibar,2020,Dec,2nd week,31.9428571428571
Zanzibar,Zanzibar,2020,Jan,3rd week,31.6714285714286
Zanzibar,Zanzibar,2020,Feb,3rd week,31.3285714285714
Zanzibar,Zanzibar,2020,Mar,3rd week,32.0571428571429
Zanzibar,Zanzibar,2020,Apr,3rd week,29.1857142857143
Zanzibar,Zanzibar,2020,May,3rd week,29.9285714285714
Zanzibar,Zanzibar,2020,Jun,3rd week,30.3857142857143
Zanzibar,Zanzibar,2020,Jul,3rd week,28.8285714285714
Zanzibar,Zanzibar,2020,Aug,3rd week,29.2285714285714
Zanzibar,Zanzibar,2020,Sep,3rd week,31.0714285714286
Zanzibar,Zanzibar,2020,Oct,3rd week,31.3428571428571
Zanzibar,Zanzibar,2020,Nov,3rd week,30.9714285714286
Zanzibar,Zanzibar,2020,Dec,3rd week,31.7
Zanzibar,Zanzibar,2020,Jan,4th week,30.7571428571429
Zanzibar,Zanzibar,2020,Feb,4th week,32.7285714285714
Zanzibar,Zanzibar,2020,Mar,4th week,31.8714285714286
Zanzibar,Zanzibar,2020,Apr,4th week,30.9571428571429
Zanzibar,Zanzibar,2020,May,4th week,30.7714285714286
Zanzibar,Zanzibar,2020,Jun,4th week,29.8714285714286
Zanzibar,Zanzibar,2020,Jul,4th week,29.3428571428571
Zanzibar,Zanzibar,2020,Aug,4th week,29.5
Zanzibar,Zanzibar,2020,Sep,4th week,30.6857142857143
Zanzibar,Zanzibar,2020,Oct,4th week,31.3142857142857
Zanzibar,Zanzibar,2020,Nov,4th week,30.6714285714286
Zanzibar,Zanzibar,2020,Dec,4th week,31.8
Zanzibar,Zanzibar,2019,Jan,1st week,33.0571428571429
Zanzibar,Zanzibar,2019,Feb,1st week,34.5142857142857
Zanzibar,Zanzibar,2019,Mar,1st week,33.8
Zanzibar,Zanzibar,2019,Apr,1st week,32.4714285714286
Zanzibar,Zanzibar,2019,May,1st week,31.4142857142857
Zanzibar,Zanzibar,2019,Jun,1st week,30.3285714285714
Zanzibar,Zanzibar,2019,Jul,1st week,30.8
Zanzibar,Zanzibar,2019,Aug,1st week,30.3285714285714
Zanzibar,Zanzibar,2019,Sep,1st week,29.2142857142857
Zanzibar,Zanzibar,2019,Oct,1st week,29.9142857142857
Zanzibar,Zanzibar,2019,Nov,1st week,32.0285714285714
Zanzibar,Zanzibar,2019,Dec,1st week,32.6571428571429
Zanzibar,Zanzibar,2019,Jan,2nd week,33.8142857142857
Zanzibar,Zanzibar,2019,Feb,2nd week,31.9857142857143
Zanzibar,Zanzibar,2019,Mar,2nd week,34.1285714285714
Zanzibar,Zanzibar,2019,Apr,2nd week,32.0428571428571
Zanzibar,Zanzibar,2019,May,2nd week,30.7285714285714
Zanzibar,Zanzibar,2019,Jun,2nd week,30.3142857142857
Zanzibar,Zanzibar,2019,Jul,2nd week,30.2571428571429
Zanzibar,Zanzibar,2019,Aug,2nd week,29.8857142857143
Zanzibar,Zanzibar,2019,Sep,2nd week,30.3
Zanzibar,Zanzibar,2019,Oct,2nd week,29.0
Zanzibar,Zanzibar,2019,Nov,2nd week,31.2428571428571
Zanzibar,Zanzibar,2019,Dec,2nd week,33.3142857142857
Zanzibar,Zanzibar,2019,Jan,3rd week,33.6
Zanzibar,Zanzibar,2019,Feb,3rd week,31.3285714285714
Zanzibar,Zanzibar,2019,Mar,3rd week,35.2714285714286
Zanzibar,Zanzibar,2019,Apr,3rd week,31.4142857142857
Zanzibar,Zanzibar,2019,May,3rd week,31.4714285714286
Zanzibar,Zanzibar,2019,Jun,3rd week,29.9
Zanzibar,Zanzibar,2019,Jul,3rd week,29.5
Zanzibar,Zanzibar,2019,Aug,3rd week,30.6714285714286
Zanzibar,Zanzibar,2019,Sep,3rd week,30.7142857142857
Zanzibar,Zanzibar,2019,Oct,3rd week,29.7428571428571
Zanzibar,Zanzibar,2019,Nov,3rd week,31.1857142857143
Zanzibar,Zanzibar,2019,Dec,3rd week,31.8714285714286
Zanzibar,Zanzibar,2019,Jan,4th week,33.2571428571429
Zanzibar,Zanzibar,2019,Feb,4th week,32.7285714285714
Zanzibar,Zanzibar,2019,Mar,4th week,34.8285714285714
Zanzibar,Zanzibar,2019,Apr,4th week,30.2
Zanzibar,Zanzibar,2019,May,4th week,30.6571428571429
Zanzibar,Zanzibar,2019,Jun,4th week,29.6857142857143
Zanzibar,Zanzibar,2019,Jul,4th week,30.3714285714286
Zanzibar,Zanzibar,2019,Aug,4th week,30.1857142857143
Zanzibar,Zanzibar,2019,Sep,4th week,30.5285714285714
Zanzibar,Zanzibar,2019,Oct,4th week,30.6
Zanzibar,Zanzibar,2019,Nov,4th week,31.9285714285714
Zanzibar,Zanzibar,2019,Dec,4th week,33.8
Pemba,Pemba,2023,Jan,1st week,32.1142857142857
Pemba,Pemba,2023,Feb,1st week,31.8571428571429
Pemba,Pemba,2023,Mar,1st week,31.9571428571429
Pemba,Pemba,2023,Apr,1st week,31.4857142857143
Pemba,Pemba,2023,May,1st week,30.1428571428571
Pemba,Pemba,2023,Jun,1st week,28.9571428571429
Pemba,Pemba,2023,Jul,1st week,28.4285714285714
Pemba,Pemba,2023,Aug,1st week,28.4285714285714
Pemba,Pemba,2023,Sep,1st week,29.1714285714286
Pemba,Pemba,2023,Oct,1st week,30.4857142857143
Pemba,Pemba,2023,Nov,1st week,28.7428571428571
Pemba,Pemba,2023,Dec,1st week,31.3142857142857
Pemba,Pemba,2023,Jan,2nd week,31.85
Pemba,Pemba,2023,Feb,2nd week,31.1875
Pemba,Pemba,2023,Mar,2nd week,32.3875
Pemba,Pemba,2023,Apr,2nd week,31.6625
Pemba,Pemba,2023,May,2nd week,30.075
Pemba,Pemba,2023,Jun,2nd week,29.3125
Pemba,Pemba,2023,Jul,2nd week,28.675
Pemba,Pemba,2023,Aug,2nd week,28.675
Pemba,Pemba,2023,Sep,2nd week,29.5
Pemba,Pemba,2023,Oct,2nd week,31.0375
Pemba,Pemba,2023,Nov,2nd week,30.5
Pemba,Pemba,2023,Dec,2nd week,31.3625
Pemba,Pemba,2023,Jan,3rd week,31.7333333333333
Pemba,Pemba,2023,Feb,3rd week,31.5
Pemba,Pemba,2023,Mar,3rd week,31.6666666666667
Pemba,Pemba,2023,Apr,3rd week,28.7333333333333
Pemba,Pemba,2023,May,3rd week,30.45
Pemba,Pemba,2023,Jun,3rd week,29.4333333333333
Pemba,Pemba,2023,Jul,3rd week,28.8
Pemba,Pemba,2023,Aug,3rd week,28.8
Pemba,Pemba,2023,Sep,3rd week,29.8666666666667
Pemba,Pemba,2023,Oct,3rd week,31.1166666666667
Pemba,Pemba,2023,Nov,3rd week,30.0833333333333
Pemba,Pemba,2023,Dec,3rd week,31.5833333333333
Pemba,Pemba,2023,Jan,4th week,30.8571428571429
Pemba,Pemba,2023,Feb,4th week,31.6857142857143
Pemba,Pemba,2023,Mar,4th week,31.0571428571429
Pemba,Pemba,2023,Apr,4th week,29.2857142857143
Pemba,Pemba,2023,May,4th week,29.2714285714286
Pemba,Pemba,2023,Jun,4th week,28.7
Pemba,Pemba,2023,Jul,4th week,28.5142857142857
Pemba,Pemba,2023,Aug,4th week,28.5142857142857
Pemba,Pemba,2023,Sep,4th week,30.2142857142857
Pemba,Pemba,2023,Oct,4th week,31.1857142857143
Pemba,Pemba,2023,Nov,4th week,30.5571428571429
Pemba,Pemba,2023,Dec,4th week,31.7285714285714
Pemba,Pemba,2022,Jan,1st week,32.3428571428571
Pemba,Pemba,2022,Feb,1st week,31.2142857142857
Pemba,Pemba,2022,Mar,1st week,31.3285714285714
Pemba,Pemba,2022,Apr,1st week,31.8714285714286
Pemba,Pemba,2022,May,1st week,29.2285714285714
Pemba,Pemba,2022,Jun,1st week,27.7428571428571
Pemba,Pemba,2022,Jul,1st week,27.0285714285714
Pemba,Pemba,2022,Aug,1st week,27.2285714285714
Pemba,Pemba,2022,Sep,1st week,27.7285714285714
Pemba,Pemba,2022,Oct,1st week,28.1857142857143
Pemba,Pemba,2022,Nov,1st week,29.9857142857143
Pemba,Pemba,2022,Dec,1st week,31.4857142857143
Pemba,Pemba,2022,Jan,2nd week,31.9285714285714
Pemba,Pemba,2022,Feb,2nd week,31.1428571428571
Pemba,Pemba,2022,Mar,2nd week,32.0
Pemba,Pemba,2022,Apr,2nd week,30.9142857142857
Pemba,Pemba,2022,May,2nd week,29.9714285714286
Pemba,Pemba,2022,Jun,2nd week,28.8428571428571
Pemba,Pemba,2022,Jul,2nd week,27.1571428571429
Pemba,Pemba,2022,Aug,2nd week,27.3714285714286
Pemba,Pemba,2022,Sep,2nd week,28.0571428571429
Pemba,Pemba,2022,Oct,2nd week,28.4428571428571
Pemba,Pemba,2022,Nov,2nd week,30.3571428571429
Pemba,Pemba,2022,Dec,2nd week,31.8
Pemba,Pemba,2022,Jan,3rd week,31.2857142857143
Pemba,Pemba,2022,Feb,3rd week,31.8
Pemba,Pemba,2022,Mar,3rd week,31.7142857142857
Pemba,Pemba,2022,Apr,3rd week,29.5714285714286
Pemba,Pemba,2022,May,3rd week,29.9571428571429
Pemba,Pemba,2022,Jun,3rd week,28.7857142857143
Pemba,Pemba,2022,Jul,3rd week,27.4285714285714
Pemba,Pemba,2022,Aug,3rd week,27.6428571428571
Pemba,Pemba,2022,Sep,3rd week,28.1142857142857
Pemba,Pemba,2022,Oct,3rd week,28.7
Pemba,Pemba,2022,Nov,3rd week,30.2857142857143
Pemba,Pemba,2022,Dec,3rd week,31.8142857142857
Pemba,Pemba,2022,Jan,4th week,30.3142857142857
Pemba,Pemba,2022,Feb,4th week,31.1714285714286
Pemba,Pemba,2022,Mar,4th week,32.0428571428571
Pemba,Pemba,2022,Apr,4th week,30.6571428571429
Pemba,Pemba,2022,May,4th week,30.2
Pemba,Pemba,2022,Jun,4th week,28.1714285714286
Pemba,Pemba,2022,Jul,4th week,27.2285714285714
Pemba,Pemba,2022,Aug,4th week,27.4714285714286
Pemba,Pemba,2022,Sep,4th week,28.4857142857143
Pemba,Pemba,2022,Oct,4th week,28.8285714285714
Pemba,Pemba,2022,Nov,4th week,30.6428571428571
Pemba,Pemba,2022,Dec,4th week,31.3428571428571
Pemba,Pemba,2021,Jan,1st week,30.6857142857143
Pemba,Pemba,2021,Feb,1st week,31.0142857142857
Pemba,Pemba,2021,Mar,1st week,31.8571428571429
Pemba,Pemba,2021,Apr,1st week,30.7571428571429
Pemba,Pemba,2021,May,1st week,28.3285714285714
Pemba,Pemba,2021,Jun,1st week,29.0714285714286
Pemba,Pemba,2021,Jul,1st week,27.9571428571429
Pemba,Pemba,2021,Aug,1st week,27.4142857142857
Pemba,Pemba,2021,Sep,1st week,27.4142857142857
Pemba,Pemba,2021,Oct,1st week,29.1142857142857
Pemba,Pemba,2021,Nov,1st week,30.6714285714286
Pemba,Pemba,2021,Dec,1st week,30.8857142857143
Pemba,Pemba,2021,Jan,2nd week,29.625
Pemba,Pemba,2021,Feb,2nd week,30.4125
Pemba,Pemba,2021,Mar,2nd week,31.4625
Pemba,Pemba,2021,Apr,2nd week,29.75
Pemba,Pemba,2021,May,2nd week,29.625
Pemba,Pemba,2021,Jun,2nd week,28.25
Pemba,Pemba,2021,Jul,2nd week,27.925
Pemba,Pemba,2021,Aug,2nd week,27.9875
Pemba,Pemba,2021,Sep,2nd week,27.9875
Pemba,Pemba,2021,Oct,2nd week,29.5125
Pemba,Pemba,2021,Nov,2nd week,31.075
Pemba,Pemba,2021,Dec,2nd week,31.0
Pemba,Pemba,2021,Jan,3rd week,30.6857142857143
Pemba,Pemba,2021,Feb,3rd week,30.9142857142857
Pemba,Pemba,2021,Mar,3rd week,31.9571428571429
Pemba,Pemba,2021,Apr,3rd week,28.2
Pemba,Pemba,2021,May,3rd week,29.7
Pemba,Pemba,2021,Jun,3rd week,28.2857142857143
Pemba,Pemba,2021,Jul,3rd week,27.8285714285714
Pemba,Pemba,2021,Aug,3rd week,27.9142857142857
Pemba,Pemba,2021,Sep,3rd week,27.9142857142857
Pemba,Pemba,2021,Oct,3rd week,29.4
Pemba,Pemba,2021,Nov,3rd week,31.1714285714286
Pemba,Pemba,2021,Dec,3rd week,31.1428571428571
Pemba,Pemba,2021,Jan,4th week,30.4333333333333
Pemba,Pemba,2021,Feb,4th week,31.5833333333333
Pemba,Pemba,2021,Mar,4th week,30.9666666666667
Pemba,Pemba,2021,Apr,4th week,30.4666666666667
Pemba,Pemba,2021,May,4th week,29.2166666666667
Pemba,Pemba,2021,Jun,4th week,27.7
Pemba,Pemba,2021,Jul,4th week,27.3
Pemba,Pemba,2021,Aug,4th week,27.85
Pemba,Pemba,2021,Sep,4th week,27.85
Pemba,Pemba,2021,Oct,4th week,30.1833333333333
Pemba,Pemba,2021,Nov,4th week,31.5666666666667
Pemba,Pemba,2021,Dec,4th week,31.6
Pemba,Pemba,2020,Jan,1st week,32.0714285714286
Pemba,Pemba,2020,Feb,1st week,30.7142857142857
Pemba,Pemba,2020,Mar,1st week,31.8714285714286
Pemba,Pemba,2020,Apr,1st week,31.5
Pemba,Pemba,2020,May,1st week,28.9714285714286
Pemba,Pemba,2020,Jun,1st week,29.0857142857143
Pemba,Pemba,2020,Jul,1st week,27.7571428571429
Pemba,Pemba,2020,Aug,1st week,27.9714285714286
Pemba,Pemba,2020,Sep,1st week,28.0714285714286
Pemba,Pemba,2020,Oct,1st week,29.6
Pemba,Pemba,2020,Nov,1st week,30.0428571428571
Pemba,Pemba,2020,Dec,1st week,31.2285714285714
Pemba,Pemba,2020,Jan,2nd week,31.7714285714286
Pemba,Pemba,2020,Feb,2nd week,31.2428571428571
Pemba,Pemba,2020,Mar,2nd week,31.7428571428571
Pemba,Pemba,2020,Apr,2nd week,29.6571428571429
Pemba,Pemba,2020,May,2nd week,29.2857142857143
Pemba,Pemba,2020,Jun,2nd week,28.9714285714286
Pemba,Pemba,2020,Jul,2nd week,28.2571428571429
Pemba,Pemba,2020,Aug,2nd week,27.6428571428571
Pemba,Pemba,2020,Sep,2nd week,28.8
Pemba,Pemba,2020,Oct,2nd week,30.4428571428571
Pemba,Pemba,2020,Nov,2nd week,29.7571428571429
Pemba,Pemba,2020,Dec,2nd week,31.4857142857143
Pemba,Pemba,2020,Jan,3rd week,30.6714285714286
Pemba,Pemba,2020,Feb,3rd week,31.6571428571429
Pemba,Pemba,2020,Mar,3rd week,31.6714285714286
Pemba,Pemba,2020,Apr,3rd week,29.0
Pemba,Pemba,2020,May,3rd week,29.2714285714286
Pemba,Pemba,2020,Jun,3rd week,27.9142857142857
Pemba,Pemba,2020,Jul,3rd week,27.5
Pemba,Pemba,2020,Aug,3rd week,28.2
Pemba,Pemba,2020,Sep,3rd week,28.5285714285714
Pemba,Pemba,2020,Oct,3rd week,30.0428571428571
Pemba,Pemba,2020,Nov,3rd week,30.3142857142857
Pemba,Pemba,2020,Dec,3rd week,31.1142857142857
Pemba,Pemba,2020,Jan,4th week,30.725
Pemba,Pemba,2020,Feb,4th week,32.3625
Pemba,Pemba,2020,Mar,4th week,31.425
Pemba,Pemba,2020,Apr,4th week,29.25
Pemba,Pemba,2020,May,4th week,29.7125
Pemba,Pemba,2020,Jun,4th week,28.2375
Pemba,Pemba,2020,Jul,4th week,27.65
Pemba,Pemba,2020,Aug,4th week,28.2875
Pemba,Pemba,2020,Sep,4th week,28.7625
Pemba,Pemba,2020,Oct,4th week,30.5
Pemba,Pemba,2020,Nov,4th week,31.025
Pemba,Pemba,2020,Dec,4th week,31.2125
Pemba,Pemba,2019,Jan,1st week,32.3285714285714
Pemba,Pemba,2019,Feb,1st week,30.7142857142857
Pemba,Pemba,2019,Mar,1st week,33.1142857142857
Pemba,Pemba,2019,Apr,1st week,31.8142857142857
Pemba,Pemba,2019,May,1st week,29.4142857142857
Pemba,Pemba,2019,Jun,1st week,29.4142857142857
Pemba,Pemba,2019,Jul,1st week,29.3571428571429
Pemba,Pemba,2019,Aug,1st week,28.9571428571429
Pemba,Pemba,2019,Sep,1st week,29.4428571428571
Pemba,Pemba,2019,Oct,1st week,29.5285714285714
Pemba,Pemba,2019,Nov,1st week,30.4285714285714
Pemba,Pemba,2019,Dec,1st week,32.1
Pemba,Pemba,2019,Jan,2nd week,32.3571428571429
Pemba,Pemba,2019,Feb,2nd week,31.2428571428571
Pemba,Pemba,2019,Mar,2nd week,32.5714285714286
Pemba,Pemba,2019,Apr,2nd week,31.0714285714286
Pemba,Pemba,2019,May,2nd week,28.1428571428571
Pemba,Pemba,2019,Jun,2nd week,29.1428571428571
Pemba,Pemba,2019,Jul,2nd week,29.0857142857143
Pemba,Pemba,2019,Aug,2nd week,28.9285714285714
Pemba,Pemba,2019,Sep,2nd week,28.9714285714286
Pemba,Pemba,2019,Oct,2nd week,28.8285714285714
Pemba,Pemba,2019,Nov,2nd week,30.5571428571429
Pemba,Pemba,2019,Dec,2nd week,31.9857142857143
Pemba,Pemba,2019,Jan,3rd week,32.3
Pemba,Pemba,2019,Feb,3rd week,31.6571428571429
Pemba,Pemba,2019,Mar,3rd week,32.7
Pemba,Pemba,2019,Apr,3rd week,32.3571428571429
Pemba,Pemba,2019,May,3rd week,29.2285714285714
Pemba,Pemba,2019,Jun,3rd week,28.8714285714286
Pemba,Pemba,2019,Jul,3rd week,28.3857142857143
Pemba,Pemba,2019,Aug,3rd week,28.8571428571429
Pemba,Pemba,2019,Sep,3rd week,29.6571428571429
Pemba,Pemba,2019,Oct,3rd week,29.3
Pemba,Pemba,2019,Nov,3rd week,31.1857142857143
Pemba,Pemba,2019,Dec,3rd week,32.2
Pemba,Pemba,2019,Jan,4th week,31.825
Pemba,Pemba,2019,Feb,4th week,32.3625
Pemba,Pemba,2019,Mar,4th week,32.9125
Pemba,Pemba,2019,Apr,4th week,32.125
Pemba,Pemba,2019,May,4th week,28.75
Pemba,Pemba,2019,Jun,4th week,29.1875
Pemba,Pemba,2019,Jul,4th week,28.2375
Pemba,Pemba,2019,Aug,4th week,29.0375
Pemba,Pemba,2019,Sep,4th week,29.875
Pemba,Pemba,2019,Oct,4th week,30.0
Pemba,Pemba,2019,Nov,4th week,30.8625
Pemba,Pemba,2019,Dec,4th week,32.0375
Pemba,Pemba,2018,Jan,1st week,29.8166666666667
Pemba,Pemba,2018,Feb,1st week,31.4142857142857
Pemba,Pemba,2018,Mar,1st week,31.5333333333333
Pemba,Pemba,2018,Apr,1st week,31.8714285714286
Pemba,Pemba,2018,May,1st week,28.3285714285714
Pemba,Pemba,2018,Jun,1st week,28.9571428571429
Pemba,Pemba,2018,Jul,1st week,28.4285714285714
Pemba,Pemba,2018,Aug,1st week,27.6142857142857
Pemba,Pemba,2018,Sep,1st week,29.2
Pemba,Pemba,2018,Oct,1st week,28.8
Pemba,Pemba,2018,Nov,1st week,30.8285714285714
Pemba,Pemba,2018,Dec,1st week,30.7857142857143
Pemba,Pemba,2018,Jan,2nd week,29.6428571428571
Pemba,Pemba,2018,Feb,2nd week,31.5428571428571
Pemba,Pemba,2018,Mar,2nd week,30.3
Pemba,Pemba,2018,Apr,2nd week,30.9142857142857
Pemba,Pemba,2018,May,2nd week,29.4571428571429
Pemba,Pemba,2018,Jun,2nd week,29.2714285714286
Pemba,Pemba,2018,Jul,2nd week,28.7428571428571
Pemba,Pemba,2018,Aug,2nd week,28.6428571428571
Pemba,Pemba,2018,Sep,2nd week,29.6428571428571
Pemba,Pemba,2018,Oct,2nd week,29.3
Pemba,Pemba,2018,Nov,2nd week,30.4714285714286
Pemba,Pemba,2018,Dec,2nd week,30.0714285714286
Pemba,Pemba,2018,Jan,3rd week,30.2285714285714
Pemba,Pemba,2018,Feb,3rd week,32.1
Pemba,Pemba,2018,Mar,3rd week,31.9714285714286
Pemba,Pemba,2018,Apr,3rd week,28.5714285714286
Pemba,Pemba,2018,May,3rd week,29.6428571428571
Pemba,Pemba,2018,Jun,3rd week,29.4714285714286
Pemba,Pemba,2018,Jul,3rd week,28.3
Pemba,Pemba,2018,Aug,3rd week,29.1571428571429
Pemba,Pemba,2018,Sep,3rd week,29.7285714285714
Pemba,Pemba,2018,Oct,3rd week,30.3857142857143
Pemba,Pemba,2018,Nov,3rd week,30.7142857142857
Pemba,Pemba,2018,Dec,3rd week,30.5714285714286
Pemba,Pemba,2018,Jan,4th week,30.4428571428571
Pemba,Pemba,2018,Feb,4th week,32.4714285714286
Pemba,Pemba,2018,Mar,4th week,31.4
Pemba,Pemba,2018,Apr,4th week,29.8
Pemba,Pemba,2018,May,4th week,29.7285714285714
Pemba,Pemba,2018,Jun,4th week,28.6285714285714
Pemba,Pemba,2018,Jul,4th week,27.5285714285714
Pemba,Pemba,2018,Aug,4th week,28.6571428571429
Pemba,Pemba,2018,Sep,4th week,29.3714285714286
Pemba,Pemba,2018,Oct,4th week,29.6714285714286
Pemba,Pemba,2018,Nov,4th week,31.4857142857143
Pemba,Pemba,2018,Dec,4th week,30.7714285714286
