Year,Month,Day,Net_distribution,Rainfall,Max_temperature,Min_temperature,Humidity,IRS coverage (%),Outbreak
2018,1,1,187929.91,4.65,32.58,25.7,79.15,95.0,True
2018,1,7,199772.18,2.56,32.68,25.67,76.79,95.0,True
2018,1,14,194170.44,0.87,32.35,25.23,80.59,95.0,True
2018,1,21,196049.76,0.8,32.05,25.21,80.82,95.0,True
2018,1,28,186488.64,1.07,31.95,25.3,79.24,95.0,True
2018,2,1,243804.3,3.66,32.06,24.61,76.31,95.0,False
2018,2,4,223554.31,2.5,31.88,24.8,77.92,95.0,True
2018,2,11,204471.0,2.87,31.2,24.81,78.16,95.0,True
2018,2,18,190603.79,2.1,31.6,25.32,77.42,95.0,True
2018,2,25,199007.03,1.17,32.46,25.64,76.99,95.0,False
2018,3,1,209701.61,5.31,32.81,25.35,80.6,95.0,False
2018,3,4,198811.73,5.37,32.54,25.28,78.56,95.0,False
2018,3,11,216967.13,5.27,32.07,25.03,81.38,95.0,False
2018,3,19,182165.67,8.61,33.65,24.9,81.67,95.0,False
2018,3,25,182315.41,9.49,33.6,25.5,81.52,95.0,False
2018,4,2,217440.22,9.83,32.12,25.3,86.4,95.0,True
2018,4,8,194462.76,18.1,30.47,24.54,88.75,95.0,True
2018,4,15,204243.88,26.03,31.03,24.53,86.86,95.0,True
2018,4,22,213776.43,14.39,31.16,24.65,87.39,95.0,True
2018,4,29,200918.62,4.34,30.89,25.04,87.73,95.0,False
2018,5,1,191465.37,24.3,29.71,24.44,90.35,95.0,True
2018,5,6,204105.83,26.12,29.66,24.65,85.73,95.0,True
2018,5,13,197939.65,21.2,29.65,24.56,84.55,95.0,True
2018,5,20,198141.65,10.43,29.83,24.29,86.56,95.0,True
2018,5,27,196789.76,6.92,29.82,24.37,86.66,95.0,True
2018,6,1,224208.79,3.96,30.5,24.67,79.17,95.0,False
2018,6,3,198371.77,1.98,30.08,24.54,76.36,95.0,True
2018,6,10,208346.76,3.34,29.66,24.0,75.56,95.0,True
2018,6,17,193405.69,2.51,29.05,23.7,77.88,95.0,True
2018,6,24,223218.85,4.62,29.59,23.78,79.35,95.0,True
2018,7,1,194073.85,8.04,30.07,23.97,75.96,95.0,True
2018,7,8,192186.96,2.11,29.68,23.92,75.45,95.0,True
2018,7,15,192020.39,1.32,29.04,23.47,75.09,95.0,True
2018,7,22,193547.44,1.89,29.11,23.33,73.45,95.0,True
2018,7,29,217521.12,2.14,29.77,23.72,77.58,95.0,True
2018,8,1,219488.33,2.86,29.55,23.39,76.29,95.0,True
2018,8,5,192209.92,2.91,29.36,23.16,76.06,95.0,True
2018,8,12,188862.93,0.76,29.01,22.86,76.95,95.0,True
2018,8,19,223660.24,2.13,29.52,23.77,78.94,95.0,True
2018,8,26,213746.59,2.6,29.77,22.97,76.76,95.0,True
2018,9,1,228239.14,10.38,29.88,24.17,74.67,95.0,False
2018,9,2,208332.45,3.15,29.14,23.18,72.06,95.0,True
2018,9,9,246213.66,4.48,29.67,23.37,73.61,95.0,True
2018,9,16,225916.93,4.27,29.7,22.64,71.67,95.0,True
2018,9,23,197979.23,5.14,29.93,23.06,72.27,95.0,True
2018,9,30,178072.0,0.31,29.95,22.91,70.7,95.0,False
2018,10,1,207821.52,2.64,30.12,23.77,79.2,95.0,True
2018,10,7,216229.39,4.63,29.85,24.12,79.69,95.0,True
2018,10,14,212109.01,3.58,29.57,23.57,76.8,95.0,False
2018,10,22,204881.55,4.82,29.92,23.79,78.02,95.0,True
2018,10,28,221743.67,8.51,30.42,23.81,76.9,95.0,False
2018,11,1,197266.7,1.14,31.97,24.41,80.03,95.0,False
2018,11,4,222264.44,4.79,31.7,24.47,80.27,95.0,True
2018,11,11,205289.92,2.88,30.88,24.16,78.54,95.0,True
2018,11,18,190384.63,8.03,31.44,24.76,80.2,95.0,True
2018,11,25,187356.11,6.33,31.89,24.99,80.8,95.0,False
2018,12,1,178072.0,1.36,32.76,24.32,75.8,95.0,False
2018,12,2,221930.5,4.66,31.87,24.39,81.7,95.0,True
2018,12,9,214512.66,4.71,31.99,25.0,78.81,95.0,True
2018,12,16,212162.34,7.11,31.63,24.48,81.54,95.0,True
2018,12,23,217323.69,3.96,31.93,24.9,82.22,95.0,True
2018,12,30,231527.22,4.78,32.24,24.98,78.05,95.0,False
2019,1,1,234216.36,5.24,32.68,26.32,75.23,95.2,False
2019,1,6,247929.28,3.75,32.81,25.64,73.99,95.2,True
2019,1,13,258105.07,4.31,32.41,25.49,76.55,95.2,True
2019,1,20,247951.23,5.29,32.21,24.94,74.3,95.2,True
2019,1,27,233374.59,1.41,32.36,25.66,72.76,95.2,False
2019,2,1,299520.66,7.03,33.12,24.64,70.33,95.2,False
2019,2,3,250287.65,4.18,31.72,24.81,74.23,95.2,True
2019,2,10,248488.42,3.41,31.46,24.54,74.29,95.2,True
2019,2,17,236810.42,4.92,31.43,25.14,71.32,95.2,True
2019,2,24,253925.24,54.08,32.11,24.66,72.81,95.2,False
2019,3,1,222000.48,5.67,33.63,24.93,80.71,95.2,False
2019,3,3,228898.92,9.98,33.46,24.72,74.54,95.2,False
2019,3,10,241179.61,1.86,32.9,25.09,78.97,95.2,False
2019,3,17,237963.24,1.45,33.72,25.21,80.33,95.2,False
2019,3,24,242691.84,7.46,34.17,25.21,77.4,95.2,False
2019,3,31,222374.0,5.62,32.38,24.42,71.35,95.2,False
2019,4,1,256030.42,30.74,31.82,25.19,87.15,95.2,False
2019,4,7,226470.79,26.23,31.7,25.07,89.92,95.2,False
2019,4,14,238470.56,19.82,31.37,25.05,86.66,95.2,False
2019,4,21,239556.38,9.56,31.57,25.16,87.59,95.2,False
2019,4,28,253372.05,16.69,31.57,24.77,86.79,95.2,False
2019,5,1,238425.36,99.84,31.33,24.86,87.98,95.2,False
2019,5,5,237205.49,116.26,30.14,24.76,87.53,95.2,True
2019,5,12,237933.73,88.57,29.23,25.04,89.07,95.2,True
2019,5,19,252789.13,32.59,29.99,24.69,87.69,95.2,True
2019,5,26,256780.96,64.47,29.94,24.54,86.19,95.2,True
2019,6,1,222374.0,0.0,30.33,23.76,71.1,95.2,False
2019,6,2,265355.45,4.07,30.12,24.1,74.55,95.2,True
2019,6,9,255540.07,2.62,29.85,24.0,74.96,95.2,True
2019,6,16,255936.31,4.68,29.82,23.57,76.79,95.2,True
2019,6,23,235452.94,2.51,29.38,24.05,75.93,95.2,True
2019,6,30,250658.52,1.85,29.24,23.99,72.97,95.2,False
2019,7,1,236792.81,3.4,30.44,23.52,75.75,95.2,True
2019,7,7,242108.85,2.05,29.9,24.12,74.39,95.2,True
2019,7,14,258563.15,5.29,29.59,23.83,74.6,95.2,True
2019,7,21,246940.55,5.38,29.38,23.17,73.2,95.2,True
2019,7,28,236620.59,1.37,28.83,23.42,72.0,95.2,True
2019,8,1,261188.66,7.91,30.5,23.07,76.13,95.2,False
2019,8,4,245199.78,8.49,29.39,22.96,74.99,95.2,True
2019,8,11,259918.82,8.71,29.37,23.36,75.67,95.2,True
2019,8,18,257363.99,5.66,29.83,23.59,76.26,95.2,True
2019,8,25,262582.92,5.17,29.79,23.29,75.97,95.2,True
2019,9,1,236778.05,6.03,29.38,22.2,75.67,95.2,True
2019,9,8,246444.64,13.5,30.02,22.3,76.6,95.2,True
2019,9,15,265552.5,10.66,30.0,23.03,76.11,95.2,True
2019,9,22,262516.51,7.68,30.14,23.4,75.88,95.2,True
2019,9,29,313971.16,16.54,30.04,23.66,78.24,95.2,False
2019,10,1,319960.66,20.81,30.3,24.32,79.6,95.2,False
2019,10,6,256407.46,48.58,29.58,24.22,82.48,95.2,True
2019,10,13,237167.92,70.06,29.26,24.28,84.36,95.2,True
2019,10,20,238667.29,34.08,29.68,24.02,86.15,95.2,True
2019,10,27,240129.38,44.46,30.37,24.21,81.47,95.2,False
2019,11,1,287760.83,29.04,31.86,24.76,78.98,95.2,False
2019,11,3,234452.61,22.38,30.78,24.85,79.59,95.2,True
2019,11,10,244904.57,26.45,30.91,24.37,78.72,95.2,True
2019,11,17,248557.15,24.24,31.07,24.71,80.01,95.2,True
2019,11,24,237239.82,16.33,31.5,24.51,78.75,95.2,True
2019,12,1,242766.96,35.73,32.14,24.23,77.98,95.2,True
2019,12,8,244263.29,12.1,32.6,24.99,78.7,95.2,True
2019,12,15,241052.77,40.36,31.77,24.82,79.33,95.2,True
2019,12,22,248427.46,34.38,32.6,24.88,78.81,95.2,True
2019,12,29,239488.85,15.52,31.84,25.7,80.57,95.2,True
2020,1,1,412797.62,2.68,33.24,25.67,76.94,96.9,True
2020,1,5,407858.56,6.36,32.35,25.46,78.45,96.9,True
2020,1,12,408979.0,20.57,31.88,25.14,78.35,96.9,True
2020,1,19,409993.4,43.71,30.89,25.53,78.13,96.9,True
2020,1,26,410550.49,13.99,30.73,25.73,77.65,96.9,True
2020,2,1,429803.07,10.27,33.82,24.59,79.46,96.9,False
2020,2,2,413194.51,6.63,32.42,24.91,78.16,96.9,True
2020,2,9,403981.79,6.59,31.44,24.86,81.08,96.9,True
2020,2,16,409194.02,10.04,31.2,25.46,79.57,96.9,True
2020,2,23,406847.04,8.46,31.99,25.51,79.53,96.9,True
2020,3,1,409573.86,20.96,31.88,25.31,82.34,96.9,True
2020,3,8,408518.21,25.39,31.78,25.11,83.07,96.9,True
2020,3,15,412793.27,14.63,31.67,25.61,83.03,96.9,True
2020,3,22,412594.7,11.98,31.7,25.3,85.45,96.9,True
2020,3,29,412809.13,24.12,31.29,25.26,85.36,96.9,True
2020,4,1,412073.99,32.86,32.76,25.62,85.99,96.9,True
2020,4,5,416912.33,54.82,31.03,25.03,86.19,96.9,True
2020,4,12,412500.91,95.26,29.76,24.64,85.14,96.9,True
2020,4,19,407940.41,113.76,29.48,24.35,85.68,96.9,True
2020,4,26,407885.74,91.15,30.03,24.57,85.32,96.9,True
2020,5,1,412917.89,52.97,30.25,25.0,84.36,96.9,False
2020,5,3,415849.05,53.45,29.61,24.71,85.46,96.9,True
2020,5,10,414073.82,23.18,29.49,24.75,85.27,96.9,True
2020,5,17,414345.26,22.37,29.69,24.44,84.77,96.9,True
2020,5,24,410910.9,18.93,30.39,24.43,84.87,96.9,True
2020,5,31,409217.08,9.35,30.32,24.11,83.23,96.9,False
2020,6,1,416882.52,3.21,30.27,24.89,78.85,96.9,True
2020,6,7,413216.43,3.11,30.21,24.41,78.37,96.9,True
2020,6,14,412886.61,2.62,29.79,24.27,79.34,96.9,True
2020,6,21,410747.92,1.35,29.1,24.12,78.97,96.9,True
2020,6,28,413480.61,4.43,28.81,23.87,79.09,96.9,True
2020,7,1,416324.18,2.81,29.81,23.88,76.51,96.9,True
2020,7,5,417671.24,6.09,28.83,23.59,75.42,96.9,True
2020,7,12,410936.24,11.91,28.82,23.52,76.17,96.9,True
2020,7,19,418923.36,8.15,28.32,23.16,76.82,96.9,True
2020,7,26,407262.22,4.6,28.99,23.85,76.85,96.9,True
2020,8,1,407306.48,2.22,29.87,22.85,77.93,96.9,False
2020,8,2,413545.0,3.25,29.18,23.34,79.48,96.9,True
2020,8,9,405341.28,3.43,29.07,22.4,80.75,96.9,True
2020,8,16,413289.73,9.52,28.98,23.17,79.66,96.9,True
2020,8,23,413837.6,6.83,29.13,22.95,80.22,96.9,True
2020,8,30,407136.82,8.55,28.66,23.46,78.37,96.9,False
2020,9,1,413719.21,2.87,29.83,23.23,83.01,96.9,True
2020,9,6,409499.85,4.95,29.48,23.38,82.11,96.9,True
2020,9,13,414182.4,5.06,29.99,23.23,82.7,96.9,True
2020,9,20,420074.86,6.22,29.36,23.13,82.12,96.9,True
2020,9,27,420374.8,7.6,30.18,23.02,81.93,96.9,True
2020,10,1,412582.33,7.18,31.84,23.77,83.51,96.9,True
2020,10,4,410368.62,10.09,30.45,23.52,83.66,96.9,True
2020,10,11,418250.08,12.51,31.02,23.65,82.81,96.9,True
2020,10,18,414030.4,22.09,30.62,23.55,82.15,96.9,True
2020,10,25,420914.43,19.87,31.04,24.23,82.28,96.9,True
2020,11,1,408270.58,19.48,29.98,23.93,85.07,96.9,True
2020,11,8,412506.32,42.53,30.02,24.33,83.36,96.9,True
2020,11,15,419528.61,19.39,30.57,24.78,83.84,96.9,True
2020,11,22,414019.4,23.32,30.51,24.74,83.68,96.9,True
2020,11,29,412325.98,81.47,30.85,24.67,83.1,96.9,False
2020,12,1,410437.76,16.88,31.21,24.36,81.64,96.9,True
2020,12,6,409829.64,9.12,31.56,24.74,81.87,96.9,True
2020,12,13,412162.3,8.46,31.39,24.76,81.85,96.9,True
2020,12,20,406551.37,13.56,31.41,24.82,81.55,96.9,True
2020,12,27,413982.13,19.89,31.26,25.74,81.91,96.9,True
2021,1,1,807545.02,8.8,31.63,25.06,80.26,94.7,False
2021,1,3,805691.79,9.72,30.98,24.81,81.07,94.7,True
2021,1,10,814411.95,13.05,30.13,24.84,80.75,94.7,True
2021,1,17,824876.93,1.6,32.2,24.51,80.1,94.7,True
2021,1,24,809448.56,4.86,31.84,24.65,80.49,94.7,True
2021,1,31,839482.53,7.89,30.11,24.06,78.17,94.7,False
2021,2,1,800679.73,3.31,31.95,24.58,79.9,94.7,True
2021,2,7,805056.14,7.75,31.06,24.68,79.92,94.7,True
2021,2,14,824238.07,5.61,31.39,24.94,80.44,94.7,True
2021,2,21,790315.56,5.67,31.47,24.7,79.88,94.7,True
2021,2,28,785847.15,19.73,31.72,24.29,80.56,94.7,False
2021,3,1,800420.65,3.25,32.96,25.32,78.12,94.7,True
2021,3,7,802403.45,3.16,32.57,24.57,77.01,94.7,True
2021,3,14,819671.05,13.56,32.13,24.34,76.03,94.7,True
2021,3,21,799793.55,11.72,31.82,24.79,77.65,94.7,True
2021,3,28,824338.79,17.11,31.36,24.52,76.11,94.7,True
2021,4,1,747633.05,19.51,31.39,25.17,84.59,94.7,False
2021,4,4,800505.37,27.41,30.5,24.97,83.03,94.7,True
2021,4,11,805272.13,43.96,29.87,24.5,83.54,94.7,True
2021,4,18,831190.63,43.58,29.06,24.54,84.3,94.7,True
2021,4,25,774761.19,44.88,30.97,25.07,84.19,94.7,True
2021,5,1,832227.0,44.31,29.11,25.55,78.61,94.7,False
2021,5,2,808341.35,47.24,28.75,24.28,80.78,94.7,True
2021,5,9,715116.53,7.87,30.59,24.67,79.11,94.7,True
2021,5,16,819216.23,6.01,30.83,24.82,80.03,94.7,True
2021,5,23,822643.86,2.62,30.36,24.99,79.31,94.7,True
2021,5,30,836574.26,3.22,29.12,24.95,79.41,94.7,False
2021,6,1,824685.64,11.7,30.02,23.96,77.38,94.7,True
2021,6,6,773989.79,7.48,29.58,23.93,76.89,94.7,True
2021,6,13,806479.96,7.47,28.86,23.79,77.68,94.7,True
2021,6,20,834370.56,4.88,28.82,23.03,77.14,94.7,True
2021,6,27,821565.42,8.67,28.75,22.95,77.99,94.7,True
2021,7,1,809068.08,3.56,30.22,23.33,75.25,94.7,False
2021,7,4,799483.54,5.41,28.89,23.68,76.38,94.7,True
2021,7,11,794123.63,9.88,29.05,23.94,75.25,94.7,True
2021,7,18,799857.17,4.24,29.34,24.27,76.51,94.7,True
2021,7,25,805569.8,3.3,28.91,23.68,75.44,94.7,True
2021,8,1,813375.36,3.66,28.98,23.0,78.79,94.7,True
2021,8,8,810616.72,3.87,29.21,22.12,79.09,94.7,True
2021,8,15,814556.31,5.78,28.97,22.84,77.69,94.7,True
2021,8,22,765343.53,7.44,29.52,22.74,77.1,94.7,True
2021,8,29,843031.01,4.65,28.04,22.03,79.01,94.7,False
2021,9,1,814567.11,3.54,30.25,23.68,79.92,94.7,False
2021,9,5,796399.9,5.69,28.82,23.66,77.11,94.7,True
2021,9,12,792986.27,7.47,29.13,23.36,77.07,94.7,True
2021,9,19,822675.42,3.3,29.17,23.3,75.58,94.7,True
2021,9,26,785178.32,5.72,29.98,23.3,77.06,94.7,False
2021,10,1,753275.74,2.01,31.79,23.06,77.11,94.7,False
2021,10,3,733830.03,4.99,30.64,23.58,79.4,94.7,True
2021,10,10,810475.95,4.19,30.9,24.03,77.48,94.7,True
2021,10,17,787659.9,10.08,30.36,23.42,77.84,94.7,True
2021,10,24,791598.25,10.12,31.03,23.3,78.77,94.7,True
2021,10,31,878264.0,32.61,29.76,22.52,81.0,94.7,False
2021,11,1,793563.46,3.73,31.82,24.62,79.92,94.7,True
2021,11,7,820094.63,6.89,31.69,24.25,79.99,94.7,True
2021,11,14,813267.75,2.0,31.72,23.76,79.12,94.7,True
2021,11,21,841705.87,6.67,32.02,24.55,78.58,94.7,True
2021,11,28,855544.44,13.27,31.92,25.55,78.75,94.7,False
2021,12,1,835606.9,29.75,31.14,24.86,81.55,94.7,False
2021,12,5,830600.94,35.91,30.57,24.75,82.46,94.7,False
2021,12,12,809269.8,31.55,31.12,24.44,82.69,94.7,False
2021,12,19,807757.02,18.62,31.27,24.66,83.11,94.7,True
2021,12,26,800342.55,25.97,31.55,24.68,81.09,94.7,True
2022,1,1,381544.22,1.04,33.24,24.87,77.63,97.8,False
2022,1,2,395429.52,1.77,32.34,25.68,78.4,97.8,True
2022,1,9,384617.13,11.04,32.43,25.94,78.63,97.8,True
2022,1,16,387467.46,31.99,32.45,24.97,78.35,97.8,True
2022,1,23,384490.3,21.43,30.93,24.32,78.46,97.8,True
2022,1,30,387502.35,17.65,30.32,24.92,78.56,97.8,False
2022,2,1,392871.79,19.77,31.32,24.61,80.06,97.8,False
2022,2,6,385703.5,9.47,31.75,24.64,79.31,97.8,True
2022,2,13,389782.38,8.8,31.58,25.15,78.92,97.8,True
2022,2,20,384541.96,13.92,31.7,24.8,79.45,97.8,True
2022,2,27,379251.0,9.48,30.76,24.79,80.82,97.8,False
2022,3,1,387475.05,1.16,33.57,24.84,76.67,97.8,False
2022,3,6,383628.27,1.13,32.34,24.56,75.76,97.8,True
2022,3,13,392680.75,3.16,32.62,25.13,76.9,97.8,True
2022,3,20,388823.36,10.83,31.66,25.28,75.93,97.8,True
2022,3,27,387444.22,13.61,32.3,25.48,75.76,97.8,True
2022,4,1,382604.65,6.51,32.21,25.74,83.24,97.8,False
2022,4,3,389968.75,9.41,31.95,25.19,82.93,97.8,True
2022,4,10,384862.59,14.52,31.27,25.29,82.37,97.8,True
2022,4,17,385208.0,74.39,30.14,24.58,82.15,97.8,True
2022,4,24,392165.52,57.75,30.33,24.85,82.8,97.8,True
2022,5,1,389490.04,26.91,29.79,24.76,82.07,97.8,True
2022,5,8,388158.39,8.87,30.68,25.43,82.08,97.8,True
2022,5,15,392282.39,5.83,30.63,25.44,81.96,97.8,True
2022,5,22,383649.35,8.88,31.08,25.36,82.65,97.8,True
2022,5,29,392184.41,6.32,30.21,25.18,81.51,97.8,False
2022,6,1,387245.46,16.04,30.83,23.67,63.93,97.8,True
2022,6,5,384366.01,9.44,29.13,24.05,73.67,97.8,True
2022,6,12,394484.72,6.74,29.66,24.31,66.38,97.8,True
2022,6,19,386271.16,4.96,29.5,24.42,63.05,97.8,True
2022,6,26,396674.26,7.84,29.33,24.3,65.69,97.8,True
2022,7,1,382264.64,8.48,28.74,22.49,82.72,97.8,False
2022,7,3,384473.24,11.12,28.44,23.11,82.8,97.8,True
2022,7,10,383193.31,7.12,28.42,22.76,81.33,97.8,True
2022,7,17,389769.95,8.06,28.58,22.92,84.16,97.8,True
2022,7,24,391371.96,6.02,28.74,22.16,84.27,97.8,False
2022,7,31,378988.11,13.54,27.2,23.07,83.1,97.8,False
2022,8,1,386279.74,4.72,28.64,21.96,81.41,97.8,False
2022,8,7,390838.73,7.24,28.87,22.53,81.13,97.8,True
2022,8,14,383716.08,5.41,28.29,21.96,81.93,97.8,False
2022,8,21,399888.88,5.75,28.95,21.94,80.93,97.8,False
2022,8,28,395765.71,3.34,27.72,22.09,79.38,97.8,False
2022,9,1,380441.35,5.66,30.03,22.51,76.52,97.8,False
2022,9,4,380075.61,3.05,29.03,22.51,77.81,97.8,False
2022,9,11,406791.9,3.53,29.45,22.18,77.0,97.8,False
2022,9,18,394277.69,2.33,29.86,22.94,75.11,97.8,False
2022,9,25,386459.36,3.45,30.32,23.33,75.56,97.8,False
2022,10,1,401678.2,19.85,31.03,25.01,77.92,97.8,False
2022,10,2,377721.8,2.48,29.46,22.74,75.59,97.8,False
2022,10,9,394969.62,2.14,30.2,22.85,74.86,97.8,False
2022,10,16,380798.86,2.21,30.2,22.88,76.43,97.8,False
2022,10,23,384366.83,3.15,29.76,23.37,74.54,97.8,False
2022,10,30,345036.28,16.6,29.44,24.0,75.64,97.8,False
2022,11,1,392155.57,6.71,31.25,23.51,81.42,97.8,False
2022,11,6,401279.04,18.48,30.71,24.0,80.13,97.8,False
2022,11,13,402399.16,14.51,30.59,24.26,79.26,97.8,False
2022,11,20,383145.19,21.58,30.44,24.21,81.23,97.8,False
2022,11,27,388937.56,19.56,30.56,24.31,80.38,97.8,False
2022,12,1,377860.96,5.54,31.72,24.53,80.53,97.8,False
2022,12,4,386752.62,7.41,31.19,24.2,78.9,97.8,False
2022,12,11,389884.77,20.32,31.71,24.03,79.9,97.8,True
2022,12,18,389124.6,12.09,31.68,25.08,80.04,97.8,True
2022,12,25,383314.0,28.34,31.11,25.45,79.01,97.8,True
2023,1,1,279135.76,3.96,31.98,25.98,78.95,94.0,True
2023,1,8,259071.93,16.2,31.34,25.59,78.79,94.0,True
2023,1,15,263331.7,7.44,31.96,24.85,78.85,94.0,True
2023,1,22,260640.76,2.27,32.06,25.36,78.88,94.0,True
2023,1,29,273722.24,4.76,30.78,25.36,79.98,94.0,False
2023,2,1,269602.92,3.72,32.75,24.59,77.89,94.0,True
2023,2,5,278152.79,5.12,31.89,24.52,77.99,94.0,True
2023,2,12,271820.66,9.96,31.68,24.59,77.44,94.0,True
2023,2,19,269371.13,2.14,32.0,25.12,78.2,94.0,True
2023,2,26,260851.51,0.88,31.84,23.53,75.4,94.0,False
2023,3,1,267804.58,1.19,33.74,24.77,77.6,94.0,True
2023,3,5,260991.5,2.54,32.77,24.86,78.15,94.0,True
2023,3,12,292563.24,14.46,31.73,25.36,77.92,94.0,True
2023,3,19,284635.88,24.97,31.41,25.43,77.35,94.0,True
2023,3,26,253424.35,13.76,31.1,24.67,77.09,94.0,True
2023,4,1,270518.09,23.23,31.16,25.41,86.43,94.0,False
2023,4,2,257137.82,31.2,31.42,25.43,86.76,94.0,False
2023,4,9,263780.29,20.88,31.37,25.33,86.03,94.0,True
2023,4,16,268720.03,75.64,29.16,24.77,86.15,94.0,True
2023,4,23,257144.07,67.45,29.74,24.98,86.16,94.0,True
2023,4,30,287345.76,69.39,29.73,24.66,84.37,94.0,False
2023,5,1,274330.73,23.97,30.61,24.65,82.76,94.0,True
2023,5,7,283783.28,26.4,30.41,24.97,82.64,94.0,True
2023,5,14,269608.9,10.62,30.84,25.27,82.72,94.0,True
2023,5,21,263294.22,8.66,30.25,24.66,83.33,94.0,True
2023,5,28,268643.05,13.63,29.72,24.31,83.89,94.0,True
2023,6,1,255292.62,49.36,28.86,23.91,82.98,94.0,True
2023,6,4,264357.97,32.85,29.49,23.65,82.33,94.0,True
2023,6,11,261695.36,8.77,29.57,23.9,82.83,94.0,True
2023,6,18,265075.77,2.44,29.84,23.64,82.89,94.0,True
2023,6,25,270222.23,3.95,29.63,23.79,83.05,94.0,True
2023,7,1,251145.68,20.23,28.62,23.53,84.86,94.0,False
2023,7,2,258090.29,20.37,28.54,23.65,83.3,94.0,True
2023,7,9,267582.39,3.23,29.09,23.09,84.15,94.0,True
2023,7,16,260279.61,2.84,29.63,23.5,83.65,94.0,True
2023,7,23,264138.66,5.96,28.87,23.4,83.75,94.0,True
2023,7,30,248660.52,12.78,28.67,23.18,82.97,94.0,True
2023,8,1,263608.9,5.88,29.43,23.31,82.97,94.0,True
2023,8,6,263859.95,4.97,29.24,23.54,82.09,94.0,True
2023,8,13,261277.93,3.84,29.62,22.95,82.19,94.0,True
2023,8,20,266134.38,4.28,29.63,22.81,81.22,94.0,True
2023,8,27,252247.35,1.62,29.44,23.21,81.6,94.0,True
2023,9,1,261437.23,2.14,31.42,21.57,77.28,94.0,False
2023,9,3,262977.06,3.05,29.87,22.75,77.8,94.0,True
2023,9,10,261841.5,2.1,30.17,22.49,78.1,94.0,True
2023,9,17,255200.1,2.06,30.51,22.31,78.08,94.0,True
2023,9,24,250984.86,6.05,30.59,23.42,77.21,94.0,True
2023,10,1,262588.47,9.64,30.66,24.57,76.05,94.0,True
2023,10,8,261672.38,2.46,31.22,24.17,76.44,94.0,True
2023,10,15,252865.15,2.28,31.62,24.18,75.61,94.0,True
2023,10,22,262546.58,12.89,31.23,24.83,76.83,94.0,True
2023,10,29,253726.75,21.14,31.13,24.29,76.97,94.0,True
2023,11,1,258226.09,199.52,28.4,24.64,84.77,94.0,True
2023,11,5,253137.08,150.92,29.33,24.41,83.32,94.0,True
2023,11,12,254730.27,56.52,30.34,24.28,82.97,94.0,True
2023,11,19,255223.87,44.6,29.97,24.8,82.85,94.0,True
2023,11,26,253974.46,45.17,30.27,24.3,83.13,94.0,True
2023,12,1,254329.66,25.63,30.81,23.82,81.5,94.0,True
2023,12,3,253265.8,22.8,31.17,24.76,81.48,94.0,True
2023,12,10,255410.35,25.17,31.12,24.82,81.76,94.0,True
2023,12,17,257791.24,17.61,31.96,25.1,81.16,94.0,True
2023,12,24,255316.72,16.14,31.61,25.8,81.62,94.0,True
