Station,Year,Month,Week,Rainfall,Max_temperature,Min_temperature,Humidity
VICTORIA GARDEN,2018,1,1,4.65,32.58,25.7,79.15
KIZIMBANI-Zanzibar,2018,1,2,2.56,32.68,25.67,76.79
Makunduchi,2018,1,3,0.87,32.35,25.23,80.59
Matangatuani,2018,1,4,0.8,32.05,25.21,80.82
VICTORIA GARDEN,2018,1,5,1.07,31.95,25.3,79.24
MKOKOTONI-Zanzibar,2018,2,5,3.66,32.06,24.61,76.31
MKOKOTONI-Zanzibar,2018,2,6,2.5,31.88,24.8,77.92
Matangatuani,2018,2,7,2.87,31.2,24.81,78.16
VICTORIA GARDEN,2018,2,8,2.1,31.6,25.32,77.42
KIZIMBANI-Zanzibar,2018,2,9,1.17,32.46,25.64,76.99
KIZIMBANI-Zanzibar,2018,3,9,5.31,32.81,25.35,80.6
KIZIMBANI-Zanzibar,2018,3,10,5.37,32.54,25.28,78.56
Mahonda,2018,3,11,5.27,32.07,25.03,81.38
KIZIMBANI-Zanzibar,2018,3,12,8.61,33.65,24.9,81.67
KIZIMBANI-Zanzibar,2018,3,13,9.49,33.6,25.5,81.52
Matangatuani,2018,4,14,9.83,32.12,25.3,86.4
KIZIMBANI-Zanzibar,2018,4,15,18.1,30.47,24.54,88.75
Zanzibar Airport,2018,4,16,26.03,31.03,24.53,86.86
KIZIMBANI-Zanzibar,2018,4,17,14.39,31.16,24.65,87.39
VICTORIA GARDEN,2018,4,18,4.34,30.89,25.04,87.73
Zanzibar Airport,2018,5,18,24.3,29.71,24.44,90.35
VICTORIA GARDEN,2018,5,19,26.12,29.66,24.65,85.73
Zanzibar Airport,2018,5,20,21.2,29.65,24.56,84.55
VICTORIA GARDEN,2018,5,21,10.43,29.83,24.29,86.56
KIZIMBANI-Zanzibar,2018,5,22,6.92,29.82,24.37,86.66
KIZIMBANI-Zanzibar,2018,6,22,3.96,30.5,24.67,79.17
MKOKOTONI-Zanzibar,2018,6,23,1.98,30.08,24.54,76.36
VICTORIA GARDEN,2018,6,24,3.34,29.66,24.0,75.56
MKOKOTONI-Zanzibar,2018,6,25,2.51,29.05,23.7,77.88
Weni,2018,6,26,4.62,29.59,23.78,79.35
Weni,2018,7,27,8.04,30.07,23.97,75.96
Zanzibar Airport,2018,7,28,2.11,29.68,23.92,75.45
MKOKOTONI-Zanzibar,2018,7,29,1.32,29.04,23.47,75.09
VICTORIA GARDEN,2018,7,30,1.89,29.11,23.33,73.45
Matangatuani,2018,7,31,2.14,29.77,23.72,77.58
KIZIMBANI-Zanzibar,2018,8,31,2.86,29.55,23.39,76.29
Zanzibar Airport,2018,8,32,2.91,29.36,23.16,76.06
MKOKOTONI-Zanzibar,2018,8,33,0.76,29.01,22.86,76.95
MKOKOTONI-Zanzibar,2018,8,34,2.13,29.52,23.77,78.94
KIZIMBANI-Zanzibar,2018,8,35,2.6,29.77,22.97,76.76
KIZIMBANI-Zanzibar,2018,9,35,10.38,29.88,24.17,74.67
KIZIMBANI-Zanzibar,2018,9,36,3.15,29.14,23.18,72.06
Zanzibar Airport,2018,9,37,4.48,29.67,23.37,73.61
MKOKOTONI-Zanzibar,2018,9,38,4.27,29.7,22.64,71.67
MKOKOTONI-Zanzibar,2018,9,39,5.14,29.93,23.06,72.27
MKOKOTONI-Zanzibar,2018,9,40,0.31,29.95,22.91,70.7
Weni,2018,10,40,2.64,30.12,23.77,79.2
VICTORIA GARDEN,2018,10,41,4.63,29.85,24.12,79.69
KIZIMBANI-Zanzibar,2018,10,42,3.58,29.57,23.57,76.8
Mahonda,2018,10,43,4.82,29.92,23.79,78.02
MKOKOTONI-Zanzibar,2018,10,44,8.51,30.42,23.81,76.9
Weni,2018,11,44,1.14,31.97,24.41,80.03
Zanzibar Airport,2018,11,45,4.79,31.7,24.47,80.27
KIZIMBANI-Zanzibar,2018,11,46,2.88,30.88,24.16,78.54
Zanzibar Airport,2018,11,47,8.03,31.44,24.76,80.2
VICTORIA GARDEN,2018,11,48,6.33,31.89,24.99,80.8
KIZIMBANI-Zanzibar,2018,12,48,1.36,32.76,24.32,75.8
Mahonda,2018,12,49,4.66,31.87,24.39,81.7
VICTORIA GARDEN,2018,12,50,4.71,31.99,25.0,78.81
MKOKOTONI-Zanzibar,2018,12,51,7.11,31.63,24.48,81.54
Makunduchi,2018,12,52,3.96,31.93,24.9,82.22
Zanzibar Airport,2018,12,53,4.78,32.24,24.98,78.05
VICTORIA GARDEN,2019,1,1,5.24,32.68,26.32,75.23
VICTORIA GARDEN,2019,1,2,3.75,32.81,25.64,73.99
KIZIMBANI-Zanzibar,2019,1,3,4.31,32.41,25.49,76.55
VICTORIA GARDEN,2019,1,4,5.29,32.21,24.94,74.3
Makunduchi,2019,1,5,1.41,32.36,25.66,72.76
Mahonda,2019,2,5,7.03,33.12,24.64,70.33
Zanzibar Airport,2019,2,6,4.18,31.72,24.81,74.23
VICTORIA GARDEN,2019,2,7,3.41,31.46,24.54,74.29
MKOKOTONI-Zanzibar,2019,2,8,4.92,31.43,25.14,71.32
VICTORIA GARDEN,2019,2,9,54.08,32.11,24.66,72.81
KIZIMBANI-Zanzibar,2019,3,9,5.67,33.63,24.93,80.71
VICTORIA GARDEN,2019,3,10,9.98,33.46,24.72,74.54
VICTORIA GARDEN,2019,3,11,1.86,32.9,25.09,78.97
VICTORIA GARDEN,2019,3,12,1.45,33.72,25.21,80.33
KIZIMBANI-Zanzibar,2019,3,13,7.46,34.17,25.21,77.4
Zanzibar Airport,2019,3,14,5.62,32.38,24.42,71.35
VICTORIA GARDEN,2019,4,14,30.74,31.82,25.19,87.15
Zanzibar Airport,2019,4,15,26.23,31.7,25.07,89.92
VICTORIA GARDEN,2019,4,16,19.82,31.37,25.05,86.66
VICTORIA GARDEN,2019,4,17,9.56,31.57,25.16,87.59
Zanzibar Airport,2019,4,18,16.69,31.57,24.77,86.79
MKOKOTONI-Zanzibar,2019,5,18,99.84,31.33,24.86,87.98
KIZIMBANI-Zanzibar,2019,5,19,116.26,30.14,24.76,87.53
VICTORIA GARDEN,2019,5,20,88.57,29.23,25.04,89.07
Weni,2019,5,21,32.59,29.99,24.69,87.69
KIZIMBANI-Zanzibar,2019,5,22,64.47,29.94,24.54,86.19
KIZIMBANI-Zanzibar,2019,6,22,0.0,30.33,23.76,71.1
VICTORIA GARDEN,2019,6,23,4.07,30.12,24.1,74.55
Zanzibar Airport,2019,6,24,2.62,29.85,24.0,74.96
Matangatuani,2019,6,25,4.68,29.82,23.57,76.79
Zanzibar Airport,2019,6,26,2.51,29.38,24.05,75.93
KIZIMBANI-Zanzibar,2019,6,27,1.85,29.24,23.99,72.97
Zanzibar Airport,2019,7,27,3.4,30.44,23.52,75.75
Weni,2019,7,28,2.05,29.9,24.12,74.39
Weni,2019,7,29,5.29,29.59,23.83,74.6
Mahonda,2019,7,30,5.38,29.38,23.17,73.2
VICTORIA GARDEN,2019,7,31,1.37,28.83,23.42,72.0
KIZIMBANI-Zanzibar,2019,8,31,7.91,30.5,23.07,76.13
VICTORIA GARDEN,2019,8,32,8.49,29.39,22.96,74.99
MKOKOTONI-Zanzibar,2019,8,33,8.71,29.37,23.36,75.67
Matangatuani,2019,8,34,5.66,29.83,23.59,76.26
MKOKOTONI-Zanzibar,2019,8,35,5.17,29.79,23.29,75.97
Mahonda,2019,9,36,6.03,29.38,22.2,75.67
VICTORIA GARDEN,2019,9,37,13.5,30.02,22.3,76.6
Zanzibar Airport,2019,9,38,10.66,30.0,23.03,76.11
VICTORIA GARDEN,2019,9,39,7.68,30.14,23.4,75.88
Zanzibar Airport,2019,9,40,16.54,30.04,23.66,78.24
Karume airport Pemba,2019,10,40,20.81,30.3,24.32,79.6
VICTORIA GARDEN,2019,10,41,48.58,29.58,24.22,82.48
Zanzibar Airport,2019,10,42,70.06,29.26,24.28,84.36
Matangatuani,2019,10,43,34.08,29.68,24.02,86.15
Matangatuani,2019,10,44,44.46,30.37,24.21,81.47
KIZIMBANI-Zanzibar,2019,11,44,29.04,31.86,24.76,78.98
Mahonda,2019,11,45,22.38,30.78,24.85,79.59
Zanzibar Airport,2019,11,46,26.45,30.91,24.37,78.72
VICTORIA GARDEN,2019,11,47,24.24,31.07,24.71,80.01
VICTORIA GARDEN,2019,11,48,16.33,31.5,24.51,78.75
VICTORIA GARDEN,2019,12,49,35.73,32.14,24.23,77.98
Weni,2019,12,50,12.1,32.6,24.99,78.7
Matangatuani,2019,12,51,40.36,31.77,24.82,79.33
VICTORIA GARDEN,2019,12,52,34.38,32.6,24.88,78.81
Matangatuani,2019,12,53,15.52,31.84,25.7,80.57
VICTORIA GARDEN,2020,1,1,2.68,33.24,25.67,76.94
Zanzibar Airport,2020,1,2,6.36,32.35,25.46,78.45
Matangatuani,2020,1,3,20.57,31.88,25.14,78.35
Mahonda,2020,1,4,43.71,30.89,25.53,78.13
Weni,2020,1,5,13.99,30.73,25.73,77.65
VICTORIA GARDEN,2020,2,5,10.27,33.82,24.59,79.46
VICTORIA GARDEN,2020,2,6,6.63,32.42,24.91,78.16
VICTORIA GARDEN,2020,2,7,6.59,31.44,24.86,81.08
VICTORIA GARDEN,2020,2,8,10.04,31.2,25.46,79.57
MKOKOTONI-Zanzibar,2020,2,9,8.46,31.99,25.51,79.53
MKOKOTONI-Zanzibar,2020,3,10,20.96,31.88,25.31,82.34
Zanzibar Airport,2020,3,11,25.39,31.78,25.11,83.07
Matangatuani,2020,3,12,14.63,31.67,25.61,83.03
Weni,2020,3,13,11.98,31.7,25.3,85.45
MKOKOTONI-Zanzibar,2020,3,14,24.12,31.29,25.26,85.36
Matangatuani,2020,4,14,32.86,32.76,25.62,85.99
Weni,2020,4,15,54.82,31.03,25.03,86.19
Abdalla mzee-Mkoani,2020,4,16,95.26,29.76,24.64,85.14
Zanzibar Airport,2020,4,17,113.76,29.48,24.35,85.68
Zanzibar Airport,2020,4,18,91.15,30.03,24.57,85.32
VICTORIA GARDEN,2020,5,18,52.97,30.25,25.0,84.36
Zanzibar Airport,2020,5,19,53.45,29.61,24.71,85.46
VICTORIA GARDEN,2020,5,20,23.18,29.49,24.75,85.27
VICTORIA GARDEN,2020,5,21,22.37,29.69,24.44,84.77
VICTORIA GARDEN,2020,5,22,18.93,30.39,24.43,84.87
VICTORIA GARDEN,2020,5,23,9.35,30.32,24.11,83.23
Mahonda,2020,6,23,3.21,30.27,24.89,78.85
Zanzibar Airport,2020,6,24,3.11,30.21,24.41,78.37
Makunduchi,2020,6,25,2.62,29.79,24.27,79.34
VICTORIA GARDEN,2020,6,26,1.35,29.1,24.12,78.97
VICTORIA GARDEN,2020,6,27,4.43,28.81,23.87,79.09
VICTORIA GARDEN,2020,7,27,2.81,29.81,23.88,76.51
KIZIMBANI-Zanzibar,2020,7,28,6.09,28.83,23.59,75.42
Zanzibar Airport,2020,7,29,11.91,28.82,23.52,76.17
KIZIMBANI-Zanzibar,2020,7,30,8.15,28.32,23.16,76.82
VICTORIA GARDEN,2020,7,31,4.6,28.99,23.85,76.85
MKOKOTONI-Zanzibar,2020,8,31,2.22,29.87,22.85,77.93
Zanzibar Airport,2020,8,32,3.25,29.18,23.34,79.48
MKOKOTONI-Zanzibar,2020,8,33,3.43,29.07,22.4,80.75
Zanzibar Airport,2020,8,34,9.52,28.98,23.17,79.66
Mahonda,2020,8,35,6.83,29.13,22.95,80.22
VICTORIA GARDEN,2020,8,36,8.55,28.66,23.46,78.37
Mahonda,2020,9,36,2.87,29.83,23.23,83.01
VICTORIA GARDEN,2020,9,37,4.95,29.48,23.38,82.11
KIZIMBANI-Zanzibar,2020,9,38,5.06,29.99,23.23,82.7
VICTORIA GARDEN,2020,9,39,6.22,29.36,23.13,82.12
VICTORIA GARDEN,2020,9,40,7.6,30.18,23.02,81.93
MKOKOTONI-Zanzibar,2020,10,40,7.18,31.84,23.77,83.51
VICTORIA GARDEN,2020,10,41,10.09,30.45,23.52,83.66
Zanzibar Airport,2020,10,42,12.51,31.02,23.65,82.81
KIZIMBANI-Zanzibar,2020,10,43,22.09,30.62,23.55,82.15
VICTORIA GARDEN,2020,10,44,19.87,31.04,24.23,82.28
VICTORIA GARDEN,2020,11,45,19.48,29.98,23.93,85.07
MKOKOTONI-Zanzibar,2020,11,46,42.53,30.02,24.33,83.36
Zanzibar Airport,2020,11,47,19.39,30.57,24.78,83.84
Abdalla mzee-Mkoani,2020,11,48,23.32,30.51,24.74,83.68
KIZIMBANI-Zanzibar,2020,11,49,81.47,30.85,24.67,83.1
VICTORIA GARDEN,2020,12,49,16.88,31.21,24.36,81.64
VICTORIA GARDEN,2020,12,50,9.12,31.56,24.74,81.87
Karume airport Pemba,2020,12,51,8.46,31.39,24.76,81.85
VICTORIA GARDEN,2020,12,52,13.56,31.41,24.82,81.55
VICTORIA GARDEN,2020,12,53,19.89,31.26,25.74,81.91
VICTORIA GARDEN,2021,1,1,8.8,31.63,25.06,80.26
Makunduchi,2021,1,2,9.72,30.98,24.81,81.07
VICTORIA GARDEN,2021,1,3,13.05,30.13,24.84,80.75
KIZIMBANI-Zanzibar,2021,1,4,1.6,32.2,24.51,80.1
KIZIMBANI-Zanzibar,2021,1,5,4.86,31.84,24.65,80.49
KIZIMBANI-Zanzibar,2021,1,6,7.89,30.11,24.06,78.17
Mahonda,2021,2,6,3.31,31.95,24.58,79.9
Zanzibar Airport,2021,2,7,7.75,31.06,24.68,79.92
VICTORIA GARDEN,2021,2,8,5.61,31.39,24.94,80.44
Makunduchi,2021,2,9,5.67,31.47,24.7,79.88
Weni,2021,2,10,19.73,31.72,24.29,80.56
Makunduchi,2021,3,10,3.25,32.96,25.32,78.12
VICTORIA GARDEN,2021,3,11,3.16,32.57,24.57,77.01
Abdalla mzee-Mkoani,2021,3,12,13.56,32.13,24.34,76.03
Zanzibar Airport,2021,3,13,11.72,31.82,24.79,77.65
Zanzibar Airport,2021,3,14,17.11,31.36,24.52,76.11
Weni,2021,4,14,19.51,31.39,25.17,84.59
VICTORIA GARDEN,2021,4,15,27.41,30.5,24.97,83.03
Zanzibar Airport,2021,4,16,43.96,29.87,24.5,83.54
Zanzibar Airport,2021,4,17,43.58,29.06,24.54,84.3
Makunduchi,2021,4,18,44.88,30.97,25.07,84.19
KIZIMBANI-Zanzibar,2021,5,18,44.31,29.11,25.55,78.61
Zanzibar Airport,2021,5,19,47.24,28.75,24.28,80.78
VICTORIA GARDEN,2021,5,20,7.87,30.59,24.67,79.11
MKOKOTONI-Zanzibar,2021,5,21,6.01,30.83,24.82,80.03
Weni,2021,5,22,2.62,30.36,24.99,79.31
VICTORIA GARDEN,2021,5,23,3.22,29.12,24.95,79.41
Zanzibar Airport,2021,6,23,11.7,30.02,23.96,77.38
Weni,2021,6,24,7.48,29.58,23.93,76.89
VICTORIA GARDEN,2021,6,25,7.47,28.86,23.79,77.68
MKOKOTONI-Zanzibar,2021,6,26,4.88,28.82,23.03,77.14
Karume airport Pemba,2021,6,27,8.67,28.75,22.95,77.99
Zanzibar Airport,2021,7,27,3.56,30.22,23.33,75.25
Karume airport Pemba,2021,7,28,5.41,28.89,23.68,76.38
Zanzibar Airport,2021,7,29,9.88,29.05,23.94,75.25
Zanzibar Airport,2021,7,30,4.24,29.34,24.27,76.51
Matangatuani,2021,7,31,3.3,28.91,23.68,75.44
Abdalla mzee-Mkoani,2021,8,32,3.66,28.98,23.0,78.79
Matangatuani,2021,8,33,3.87,29.21,22.12,79.09
Matangatuani,2021,8,34,5.78,28.97,22.84,77.69
Zanzibar Airport,2021,8,35,7.44,29.52,22.74,77.1
Mahonda,2021,8,36,4.65,28.04,22.03,79.01
Matangatuani,2021,9,36,3.54,30.25,23.68,79.92
KIZIMBANI-Zanzibar,2021,9,37,5.69,28.82,23.66,77.11
KIZIMBANI-Zanzibar,2021,9,38,7.47,29.13,23.36,77.07
KIZIMBANI-Zanzibar,2021,9,39,3.3,29.17,23.3,75.58
VICTORIA GARDEN,2021,9,40,5.72,29.98,23.3,77.06
Zanzibar Airport,2021,10,40,2.01,31.79,23.06,77.11
KIZIMBANI-Zanzibar,2021,10,41,4.99,30.64,23.58,79.4
Zanzibar Airport,2021,10,42,4.19,30.9,24.03,77.48
VICTORIA GARDEN,2021,10,43,10.08,30.36,23.42,77.84
Zanzibar Airport,2021,10,44,10.12,31.03,23.3,78.77
Zanzibar Airport,2021,10,45,32.61,29.76,22.52,81.0
Weni,2021,11,45,3.73,31.82,24.62,79.92
MKOKOTONI-Zanzibar,2021,11,46,6.89,31.69,24.25,79.99
VICTORIA GARDEN,2021,11,47,2.0,31.72,23.76,79.12
Zanzibar Airport,2021,11,48,6.67,32.02,24.55,78.58
Makunduchi,2021,11,49,13.27,31.92,25.55,78.75
Mahonda,2021,12,49,29.75,31.14,24.86,81.55
VICTORIA GARDEN,2021,12,50,35.91,30.57,24.75,82.46
KIZIMBANI-Zanzibar,2021,12,51,31.55,31.12,24.44,82.69
Makunduchi,2021,12,52,18.62,31.27,24.66,83.11
KIZIMBANI-Zanzibar,2021,12,53,25.97,31.55,24.68,81.09
VICTORIA GARDEN,2022,1,1,1.04,33.24,24.87,77.63
Zanzibar Airport,2022,1,2,1.77,32.34,25.68,78.4
Zanzibar Airport,2022,1,3,11.04,32.43,25.94,78.63
Weni,2022,1,4,31.99,32.45,24.97,78.35
Abdalla mzee-Mkoani,2022,1,5,21.43,30.93,24.32,78.46
Zanzibar Airport,2022,1,6,17.65,30.32,24.92,78.56
Mahonda,2022,2,6,19.77,31.32,24.61,80.06
Weni,2022,2,7,9.47,31.75,24.64,79.31
Karume airport Pemba,2022,2,8,8.8,31.58,25.15,78.92
VICTORIA GARDEN,2022,2,9,13.92,31.7,24.8,79.45
VICTORIA GARDEN,2022,2,10,9.48,30.76,24.79,80.82
MKOKOTONI-Zanzibar,2022,3,10,1.16,33.57,24.84,76.67
VICTORIA GARDEN,2022,3,11,1.13,32.34,24.56,75.76
KIZIMBANI-Zanzibar,2022,3,12,3.16,32.62,25.13,76.9
Zanzibar Airport,2022,3,13,10.83,31.66,25.28,75.93
Karume airport Pemba,2022,3,14,13.61,32.3,25.48,75.76
Weni,2022,4,14,6.51,32.21,25.74,83.24
Makunduchi,2022,4,15,9.41,31.95,25.19,82.93
Zanzibar Airport,2022,4,16,14.52,31.27,25.29,82.37
Zanzibar Airport,2022,4,17,74.39,30.14,24.58,82.15
MKOKOTONI-Zanzibar,2022,4,18,57.75,30.33,24.85,82.8
Zanzibar Airport,2022,5,19,26.91,29.79,24.76,82.07
VICTORIA GARDEN,2022,5,20,8.87,30.68,25.43,82.08
Zanzibar Airport,2022,5,21,5.83,30.63,25.44,81.96
Zanzibar Airport,2022,5,22,8.88,31.08,25.36,82.65
KIZIMBANI-Zanzibar,2022,5,23,6.32,30.21,25.18,81.51
Karume airport Pemba,2022,6,23,16.04,30.83,23.67,63.93
MKOKOTONI-Zanzibar,2022,6,24,9.44,29.13,24.05,73.67
KIZIMBANI-Zanzibar,2022,6,25,6.74,29.66,24.31,66.38
Makunduchi,2022,6,26,4.96,29.5,24.42,63.05
VICTORIA GARDEN,2022,6,27,7.84,29.33,24.3,65.69
Zanzibar Airport,2022,7,27,8.48,28.74,22.49,82.72
Zanzibar Airport,2022,7,28,11.12,28.44,23.11,82.8
VICTORIA GARDEN,2022,7,29,7.12,28.42,22.76,81.33
Makunduchi,2022,7,30,8.06,28.58,22.92,84.16
Matangatuani,2022,7,31,6.02,28.74,22.16,84.27
KIZIMBANI-Zanzibar,2022,7,32,13.54,27.2,23.07,83.1
KIZIMBANI-Zanzibar,2022,8,32,4.72,28.64,21.96,81.41
VICTORIA GARDEN,2022,8,33,7.24,28.87,22.53,81.13
KIZIMBANI-Zanzibar,2022,8,34,5.41,28.29,21.96,81.93
KIZIMBANI-Zanzibar,2022,8,35,5.75,28.95,21.94,80.93
MKOKOTONI-Zanzibar,2022,8,36,3.34,27.72,22.09,79.38
MKOKOTONI-Zanzibar,2022,9,36,5.66,30.03,22.51,76.52
VICTORIA GARDEN,2022,9,37,3.05,29.03,22.51,77.81
Karume airport Pemba,2022,9,38,3.53,29.45,22.18,77.0
KIZIMBANI-Zanzibar,2022,9,39,2.33,29.86,22.94,75.11
VICTORIA GARDEN,2022,9,40,3.45,30.32,23.33,75.56
Zanzibar Airport,2022,10,40,19.85,31.03,25.01,77.92
Karume airport Pemba,2022,10,41,2.48,29.46,22.74,75.59
KIZIMBANI-Zanzibar,2022,10,42,2.14,30.2,22.85,74.86
Mahonda,2022,10,43,2.21,30.2,22.88,76.43
VICTORIA GARDEN,2022,10,44,3.15,29.76,23.37,74.54
Zanzibar Airport,2022,10,45,16.6,29.44,24.0,75.64
Weni,2022,11,45,6.71,31.25,23.51,81.42
Zanzibar Airport,2022,11,46,18.48,30.71,24.0,80.13
Matangatuani,2022,11,47,14.51,30.59,24.26,79.26
Karume airport Pemba,2022,11,48,21.58,30.44,24.21,81.23
Weni,2022,11,49,19.56,30.56,24.31,80.38
KIZIMBANI-Zanzibar,2022,12,49,5.54,31.72,24.53,80.53
VICTORIA GARDEN,2022,12,50,7.41,31.19,24.2,78.9
Zanzibar Airport,2022,12,51,20.32,31.71,24.03,79.9
Zanzibar Airport,2022,12,52,12.09,31.68,25.08,80.04
VICTORIA GARDEN,2022,12,53,28.34,31.11,25.45,79.01
Makunduchi,2023,1,1,3.96,31.98,25.98,78.95
Zanzibar Airport,2023,1,2,16.2,31.34,25.59,78.79
VICTORIA GARDEN,2023,1,3,7.44,31.96,24.85,78.85
Mahonda,2023,1,4,2.27,32.06,25.36,78.88
Zanzibar Airport,2023,1,5,4.76,30.78,25.36,79.98
VICTORIA GARDEN,2023,2,5,3.72,32.75,24.59,77.89
Makunduchi,2023,2,6,5.12,31.89,24.52,77.99
VICTORIA GARDEN,2023,2,7,9.96,31.68,24.59,77.44
Karume airport Pemba,2023,2,8,2.14,32.0,25.12,78.2
KIZIMBANI-Zanzibar,2023,2,9,0.88,31.84,23.53,75.4
Mahonda,2023,3,9,1.19,33.74,24.77,77.6
KIZIMBANI-Zanzibar,2023,3,10,2.54,32.77,24.86,78.15
Zanzibar Airport,2023,3,11,14.46,31.73,25.36,77.92
Karume airport Pemba,2023,3,12,24.97,31.41,25.43,77.35
VICTORIA GARDEN,2023,3,13,13.76,31.1,24.67,77.09
VICTORIA GARDEN,2023,4,13,23.23,31.16,25.41,86.43
VICTORIA GARDEN,2023,4,14,31.2,31.42,25.43,86.76
Zanzibar Airport,2023,4,15,20.88,31.37,25.33,86.03
VICTORIA GARDEN,2023,4,16,75.64,29.16,24.77,86.15
Abdalla mzee-Mkoani,2023,4,17,67.45,29.74,24.98,86.16
MKOKOTONI-Zanzibar,2023,4,18,69.39,29.73,24.66,84.37
Karume airport Pemba,2023,5,18,23.97,30.61,24.65,82.76
Zanzibar Airport,2023,5,19,26.4,30.41,24.97,82.64
Zanzibar Airport,2023,5,20,10.62,30.84,25.27,82.72
VICTORIA GARDEN,2023,5,21,8.66,30.25,24.66,83.33
VICTORIA GARDEN,2023,5,22,13.63,29.72,24.31,83.89
Zanzibar Airport,2023,6,22,49.36,28.86,23.91,82.98
KIZIMBANI-Zanzibar,2023,6,23,32.85,29.49,23.65,82.33
VICTORIA GARDEN,2023,6,24,8.77,29.57,23.9,82.83
Makunduchi,2023,6,25,2.44,29.84,23.64,82.89
Zanzibar Airport,2023,6,26,3.95,29.63,23.79,83.05
Zanzibar Airport,2023,7,26,20.23,28.62,23.53,84.86
VICTORIA GARDEN,2023,7,27,20.37,28.54,23.65,83.3
KIZIMBANI-Zanzibar,2023,7,28,3.23,29.09,23.09,84.15
VICTORIA GARDEN,2023,7,29,2.84,29.63,23.5,83.65
Mahonda,2023,7,30,5.96,28.87,23.4,83.75
Matangatuani,2023,7,31,12.78,28.67,23.18,82.97
Karume airport Pemba,2023,8,31,5.88,29.43,23.31,82.97
VICTORIA GARDEN,2023,8,32,4.97,29.24,23.54,82.09
VICTORIA GARDEN,2023,8,33,3.84,29.62,22.95,82.19
Zanzibar Airport,2023,8,34,4.28,29.63,22.81,81.22
Makunduchi,2023,8,35,1.62,29.44,23.21,81.6
KIZIMBANI-Zanzibar,2023,9,35,2.14,31.42,21.57,77.28
VICTORIA GARDEN,2023,9,36,3.05,29.87,22.75,77.8
KIZIMBANI-Zanzibar,2023,9,37,2.1,30.17,22.49,78.1
Zanzibar Airport,2023,9,38,2.06,30.51,22.31,78.08
KIZIMBANI-Zanzibar,2023,9,39,6.05,30.59,23.42,77.21
VICTORIA GARDEN,2023,10,40,9.64,30.66,24.57,76.05
VICTORIA GARDEN,2023,10,41,2.46,31.22,24.17,76.44
KIZIMBANI-Zanzibar,2023,10,42,2.28,31.62,24.18,75.61
Zanzibar Airport,2023,10,43,12.89,31.23,24.83,76.83
KIZIMBANI-Zanzibar,2023,10,44,21.14,31.13,24.29,76.97
KIZIMBANI-Zanzibar,2023,11,44,199.52,28.4,24.64,84.77
KIZIMBANI-Zanzibar,2023,11,45,150.92,29.33,24.41,83.32
VICTORIA GARDEN,2023,11,46,56.52,30.34,24.28,82.97
KIZIMBANI-Zanzibar,2023,11,47,44.6,29.97,24.8,82.85
VICTORIA GARDEN,2023,11,48,45.17,30.27,24.3,83.13
VICTORIA GARDEN,2023,12,48,25.63,30.81,23.82,81.5
KIZIMBANI-Zanzibar,2023,12,49,22.8,31.17,24.76,81.48
VICTORIA GARDEN,2023,12,50,25.17,31.12,24.82,81.76
VICTORIA GARDEN,2023,12,51,17.61,31.96,25.1,81.16
Abdalla mzee-Mkoani,2023,12,52,16.14,31.61,25.8,81.62
