Year,Month,Week,Day,Age In Years,Household Location - Latitude,Household Location - Longitude,Sex,AgeGroupLabel,Travel History,Occupation,Household Member Type,Facility,Facility District,Facility Type,Household Island,Household Shehia,Sn,Malaria Case ID,Net_distribution,Rainfall,Max_temperature,Min_temperature,Humidity,IRS coverage (%),Station,Outbreak
2018,1,1,1,20.33,-5.91,39.36,Male,15-29 yrs,NO,Other,Other Household Member,ZIWANI POLICE,MJINI,PUBLIC,UNGUJA,KIKWAJUNI BONDENI,70550,117012,187929.91,4.65,32.58,25.7,79.15,95.0,VICTORIA GARDEN,True
2018,1,2,7,22.35,-5.94,39.34,Male,15-29 yrs,NO,Other,Index Case,MNAZI MMOJA HOSPITAL,MJINI,PUBLIC,UNGUJA,MBUZINI,70964,117299,199772.18,2.56,32.68,25.67,76.79,95.0,KIZIMBANI-Zanzibar,True
2018,1,3,14,20.59,-5.92,39.36,Female,15-29 yrs,NO,Other,Index Case,BWEJUU PHCU,MJINI,PUBLIC,UNGUJA,BWEJUU,71275,117111,194170.44,0.87,32.35,25.23,80.59,95.0,Makunduchi,True
2018,1,4,21,20.71,-5.97,39.34,Male,5-14 yrs,NO,Other,Other Household Member,ZIWANI POLICE,MJINI,PUBLIC,PEMBA,TUMBE MAGHARIBI,71648,117438,196049.76,0.8,32.05,25.21,80.82,95.0,Matangatuani,True
2018,1,5,28,22.07,-5.93,39.36,Male,5-14 yrs,NO,Other,Other Household Member,ZIWANI POLICE,MJINI,PUBLIC,UNGUJA,JANGOMBE,71950,117358,186488.64,1.07,31.95,25.3,79.24,95.0,VICTORIA GARDEN,True
2018,2,5,1,26.08,-6.07,39.33,Female,15-29 yrs,YES,Other,Index Case,MKOKOTONI PHCU,MJINI,PUBLIC,UNGUJA,MKOKOTONI,72288,117836,243804.3,3.66,32.06,24.61,76.31,95.0,MKOKOTONI-Zanzibar,False
2018,2,6,4,21.15,-5.98,39.34,Female,15-29 yrs,NO,Other,Other Household Member,ZIWANI POLICE,MJINI,PUBLIC,UNGUJA,KIGOMANI,72349,117847,223554.31,2.5,31.88,24.8,77.92,95.0,MKOKOTONI-Zanzibar,True
2018,2,7,11,21.35,-5.94,39.36,Male,30-44 yrs,NO,Other,Index Case,MICHEWENI COTTAGE HOSPITAL,MJINI,PUBLIC,PEMBA,MIHOGONI,72614,117950,204471.0,2.87,31.2,24.81,78.16,95.0,Matangatuani,True
2018,2,8,18,23.46,-5.92,39.36,Male,45+ yrs,YES,Other,Index Case,BANDARINI PHCU,MJINI,PUBLIC,UNGUJA,MALINDI,72812,118022,190603.79,2.1,31.6,25.32,77.42,95.0,VICTORIA GARDEN,True
2018,2,9,25,22.6,-5.91,39.35,Female,45+ yrs,NO,Other,Other Household Member,ZIWANI POLICE,MJINI,PUBLIC,UNGUJA,WELEZO,72979,118064,199007.03,1.17,32.46,25.64,76.99,95.0,KIZIMBANI-Zanzibar,False
2018,3,9,1,19.92,-6.01,39.32,Male,15-29 yrs,NO,Other,Other Household Member,ZIWANI POLICE,MJINI,PUBLIC,UNGUJA,MTO PEPO,73101,118095,209701.61,5.31,32.81,25.35,80.6,95.0,KIZIMBANI-Zanzibar,False
2018,3,10,4,23.1,-5.94,39.28,Male,45+ yrs,YES,Other,Index Case,ASSA-KHERI DISPENSARY,MJINI,PRIVATE,UNGUJA,DOLE,73196,118166,198811.73,5.37,32.54,25.28,78.56,95.0,KIZIMBANI-Zanzibar,False
2018,3,11,11,23.08,-5.84,39.28,Female,15-29 yrs,NO,Other,Other Household Member,ZIWANI POLICE,MJINI,PUBLIC,UNGUJA,KIWENGWA,73351,118199,216967.13,5.27,32.07,25.03,81.38,95.0,Mahonda,False
2018,3,12,19,20.6,-5.65,39.44,Male,15-29 yrs,NO,Other,Index Case,MINA DISPENSARY,MJINI,PRIVATE,UNGUJA,MTO PEPO,73467,116010,182165.67,8.61,33.65,24.9,81.67,95.0,KIZIMBANI-Zanzibar,False
2018,3,13,25,21.61,-5.74,39.42,Male,15-29 yrs,NO,Other,Other Household Member,ZIWANI POLICE,MJINI,PUBLIC,UNGUJA,MTO PEPO,73652,115866,182315.41,9.49,33.6,25.5,81.52,95.0,KIZIMBANI-Zanzibar,False
2018,4,14,2,20.89,-5.99,39.3,Female,< 5 yrs,NO,Other,Other Household Member,ZIWANI POLICE,MJINI,PUBLIC,UNGUJA,KOANI,73883,118244,217440.22,9.83,32.12,25.3,86.4,95.0,Matangatuani,True
2018,4,15,8,21.51,-5.81,39.39,Male,5-14 yrs,NO,Other,Index Case,BUBUBU MEDICAL DISPENSARY,MJINI,PRIVATE,UNGUJA,BUBUBU,74107,118442,194462.76,18.1,30.47,24.54,88.75,95.0,KIZIMBANI-Zanzibar,True
2018,4,16,15,21.31,-5.91,39.37,Male,30-44 yrs,NO,Other,Index Case,ASSA-KHERI DISPENSARY,MJINI,PRIVATE,UNGUJA,MWANAKWEREKWE,74466,118564,204243.88,26.03,31.03,24.53,86.86,95.0,Zanzibar Airport,True
2018,4,17,22,22.08,-5.96,39.33,Male,5-14 yrs,NO,Other,Index Case,MINA DISPENSARY,MJINI,PRIVATE,UNGUJA,MTONI KIDATU,74850,118641,213776.43,14.39,31.16,24.65,87.39,95.0,KIZIMBANI-Zanzibar,True
2018,4,18,29,21.85,-5.92,39.36,Female,5-14 yrs,NO,Other,Other Household Member,ZIWANI POLICE,MJINI,PUBLIC,UNGUJA,NYERERE,75245,118070,200918.62,4.34,30.89,25.04,87.73,95.0,VICTORIA GARDEN,False
2018,5,18,1,20.35,-5.56,39.49,Male,< 5 yrs,NO,Other,Other Household Member,ZIWANI POLICE,MJINI,PUBLIC,UNGUJA,KINUNI,75335,118701,191465.37,24.3,29.71,24.44,90.35,95.0,Zanzibar Airport,True
2018,5,19,6,21.5,-5.92,39.36,Female,< 5 yrs,NO,Other,Other Household Member,ZIWANI POLICE,MJINI,PUBLIC,UNGUJA,JANGOMBE,75625,118742,204105.83,26.12,29.66,24.65,85.73,95.0,VICTORIA GARDEN,True
2018,5,20,13,22.43,-5.97,39.34,Female,15-29 yrs,NO,Other,Other Household Member,ZIWANI POLICE,MJINI,PUBLIC,UNGUJA,PANGAWE,76011,118812,197939.65,21.2,29.65,24.56,84.55,95.0,Zanzibar Airport,True
2018,5,21,20,20.68,-5.79,39.41,Female,15-29 yrs,NO,Other,Index Case,MINA DISPENSARY,MJINI,PRIVATE,UNGUJA,KARAKANA,76746,119075,198141.65,10.43,29.83,24.29,86.56,95.0,VICTORIA GARDEN,True
2018,5,22,27,21.27,-5.79,39.42,Female,< 5 yrs,NO,Other,Other Household Member,ZIWANI POLICE,MJINI,PUBLIC,UNGUJA,MTONI,77241,119170,196789.76,6.92,29.82,24.37,86.66,95.0,KIZIMBANI-Zanzibar,True
2018,6,22,1,24.92,-5.75,39.42,Male,30-44 yrs,NO,Other,Other Household Member,ZIWANI POLICE,MJINI,PUBLIC,UNGUJA,MACHUI,77553,119032,224208.79,3.96,30.5,24.67,79.17,95.0,KIZIMBANI-Zanzibar,False
2018,6,23,3,21.62,-5.91,39.35,Female,45+ yrs,YES,Other,Index Case,KOANI DISPENSARY,MJINI,PRIVATE,UNGUJA,JENDELE,77648,119403,198371.77,1.98,30.08,24.54,76.36,95.0,MKOKOTONI-Zanzibar,True
2018,6,24,10,23.1,-6.04,39.29,Male,< 5 yrs,NO,Other,Index Case,MAFUNZO-MAKAOO MAKUU,URBAN,PUBLIC,UNGUJA,MPENDAE,78222,119486,208346.76,3.34,29.66,24.0,75.56,95.0,VICTORIA GARDEN,True
2018,6,25,17,22.16,-5.87,39.37,Male,5-14 yrs,NO,Other,Other Household Member,ZIWANI POLICE,MJINI,PUBLIC,UNGUJA,KIGOMANI,78607,119566,193405.69,2.51,29.05,23.7,77.88,95.0,MKOKOTONI-Zanzibar,True
2018,6,26,24,20.87,-5.82,39.41,Male,< 5 yrs,NO,Other,Index Case,JUMBI DISPENSARY,CENTRAL,PRIVATE,UNGUJA,TUNGUU,79208,119818,223218.85,4.62,29.59,23.78,79.35,95.0,Weni,True
2018,7,27,1,21.43,-5.81,39.4,Female,5-14 yrs,NO,Other,Other Household Member,ZIWANI POLICE,MJINI,PUBLIC,PEMBA,MTAMBWE KASKAZINI,79777,120081,194073.85,8.04,30.07,23.97,75.96,95.0,Weni,True
2018,7,28,8,21.77,-5.84,39.37,Male,< 5 yrs,NO,Other,Index Case,Unknown,URBAN,PUBLIC,UNGUJA,KIEMBE SAMAKI,80328,120305,192186.96,2.11,29.68,23.92,75.45,95.0,Zanzibar Airport,True
2018,7,29,15,21.09,-5.88,39.38,Female,15-29 yrs,YES,Other,Index Case,AL-MANNA DISPENSARY,MJINI,PRIVATE,UNGUJA,NUNGWI BANDAKUU,80801,120502,192020.39,1.32,29.04,23.47,75.09,95.0,MKOKOTONI-Zanzibar,True
2018,7,30,22,20.93,-5.99,39.31,Male,15-29 yrs,NO,Other,Other Household Member,ZIWANI POLICE,MJINI,PUBLIC,UNGUJA,JANGOMBE,81237,120240,193547.44,1.89,29.11,23.33,73.45,95.0,VICTORIA GARDEN,True
2018,7,31,29,20.15,-5.87,39.37,Male,15-29 yrs,NO,Other,Other Household Member,ZIWANI POLICE,MJINI,PUBLIC,UNGUJA,TUNGUU,81591,120780,217521.12,2.14,29.77,23.72,77.58,95.0,Matangatuani,True
2018,8,31,1,23.94,-6.05,39.3,Male,30-44 yrs,YES,Other,Index Case,MNAZI MMOJA HOSPITAL,MJINI,PUBLIC,UNGUJA,MTONI,81817,120941,219488.33,2.86,29.55,23.39,76.29,95.0,KIZIMBANI-Zanzibar,True
2018,8,32,5,22.42,-5.89,39.37,Male,15-29 yrs,NO,Other,Index Case,MAFUNZO-MAKAOO MAKUU,MJINI,PUBLIC,UNGUJA,KISAUNI,81944,120926,192209.92,2.91,29.36,23.16,76.06,95.0,Zanzibar Airport,True
2018,8,33,12,22.14,-5.85,39.37,Male,< 5 yrs,NO,Other,Other Household Member,ZIWANI POLICE,MJINI,PUBLIC,UNGUJA,MKOKOTONI,82208,121047,188862.93,0.76,29.01,22.86,76.95,95.0,MKOKOTONI-Zanzibar,True
2018,8,34,19,22.27,-5.94,39.35,Male,5-14 yrs,NO,Other,Other Household Member,ZIWANI POLICE,MJINI,PUBLIC,UNGUJA,CHAANI MASINGINI,82697,121179,223660.24,2.13,29.52,23.77,78.94,95.0,MKOKOTONI-Zanzibar,True
2018,8,35,26,22.71,-5.94,39.33,Female,< 5 yrs,NO,Other,Index Case,MWERA PHCU+,MJINI,PUBLIC,UNGUJA,KIANGA,82968,121285,213746.59,2.6,29.77,22.97,76.76,95.0,KIZIMBANI-Zanzibar,True
2018,9,35,1,18.14,-6.03,39.32,Male,< 5 yrs,NO,Other,Index Case,MBUZINI DISPENSARY,WEST,PRIVATE,UNGUJA,MBUZINI,83195,121348,228239.14,10.38,29.88,24.17,74.67,95.0,KIZIMBANI-Zanzibar,False
2018,9,36,2,22.04,-5.9,39.35,Female,15-29 yrs,NO,Other,Other Household Member,ZIWANI POLICE,MJINI,PUBLIC,UNGUJA,JUMBI,83219,121281,208332.45,3.15,29.14,23.18,72.06,95.0,KIZIMBANI-Zanzibar,True
2018,9,37,9,22.79,-5.89,39.36,Female,15-29 yrs,NO,Other,Index Case,SAFI MEDICAL DISPENSARY,MJINI,PRIVATE,UNGUJA,FUONI KIJITOUPELE,83428,121485,246213.66,4.48,29.67,23.37,73.61,95.0,Zanzibar Airport,True
2018,9,38,16,21.58,-5.98,39.35,Female,5-14 yrs,NO,Other,Other Household Member,ZIWANI POLICE,MJINI,PUBLIC,UNGUJA,MKOKOTONI,83690,121516,225916.93,4.27,29.7,22.64,71.67,95.0,MKOKOTONI-Zanzibar,True
2018,9,39,23,21.41,-5.9,39.36,Male,< 5 yrs,NO,Other,Index Case,JUMBI DISPENSARY,CENTRAL,PRIVATE,UNGUJA,JUMBI,83898,121641,197979.23,5.14,29.93,23.06,72.27,95.0,MKOKOTONI-Zanzibar,True
2018,9,40,30,18.32,-5.91,39.28,Female,15-29 yrs,NO,Other,Other Household Member,ZIWANI POLICE,MJINI,PUBLIC,UNGUJA,KIBENI,84075,121629,178072.0,0.31,29.95,22.91,70.7,95.0,MKOKOTONI-Zanzibar,False
2018,10,40,1,21.08,-5.85,39.37,Female,< 5 yrs,NO,Other,Other Household Member,ZIWANI POLICE,MJINI,PUBLIC,UNGUJA,MIWANI,84120,121601,207821.52,2.64,30.12,23.77,79.2,95.0,Weni,True
2018,10,41,7,23.27,-5.83,39.4,Male,< 5 yrs,NO,Other,Index Case,Unknown,URBAN,PUBLIC,UNGUJA,MIGOMBANI,84310,121807,216229.39,4.63,29.85,24.12,79.69,95.0,VICTORIA GARDEN,True
2018,10,42,14,21.9,-5.96,39.33,Male,< 5 yrs,YES,Other,Index Case,AL-RAHMA HOSPITAL,MJINI,PRIVATE,UNGUJA,BUBUBU,84501,121878,212109.01,3.58,29.57,23.57,76.8,95.0,KIZIMBANI-Zanzibar,False
2018,10,43,22,20.54,-5.89,39.36,Female,< 5 yrs,NO,Other,Other Household Member,ZIWANI POLICE,MJINI,PUBLIC,UNGUJA,BUMBWINI MISUFINI,84720,121908,204881.55,4.82,29.92,23.79,78.02,95.0,Mahonda,True
2018,10,44,28,20.39,-6.02,39.32,Female,5-14 yrs,NO,Other,Other Household Member,ZIWANI POLICE,MJINI,PUBLIC,UNGUJA,UNGUJA UKUU KAEPWANI,84877,121963,221743.67,8.51,30.42,23.81,76.9,95.0,MKOKOTONI-Zanzibar,False
2018,11,44,1,21.59,-5.82,39.37,Male,5-14 yrs,NO,Other,Index Case,CITIZEN DISPENSARY,MJINI,PRIVATE,PEMBA,UKUNJWI,85034,122043,197266.7,1.14,31.97,24.41,80.03,95.0,Weni,False
2018,11,45,4,21.11,-5.92,39.34,Male,< 5 yrs,NO,Other,Index Case,SAFI MEDICAL DISPENSARY,WEST,PRIVATE,UNGUJA,PANGAWE,85095,122066,222264.44,4.79,31.7,24.47,80.27,95.0,Zanzibar Airport,True
2018,11,46,11,22.46,-5.98,39.31,Male,< 5 yrs,NO,Other,Index Case,MINA DISPENSARY,WEST,PRIVATE,UNGUJA,MTO PEPO,85377,122131,205289.92,2.88,30.88,24.16,78.54,95.0,KIZIMBANI-Zanzibar,True
2018,11,47,18,22.11,-5.77,39.37,Male,15-29 yrs,NO,Other,Index Case,ZIWANI POLICE,MJINI,PUBLIC,UNGUJA,TOMONDO,85533,122203,190384.63,8.03,31.44,24.76,80.2,95.0,Zanzibar Airport,True
2018,11,48,25,23.53,-5.91,39.34,Male,< 5 yrs,YES,Other,Index Case,SDA DISPENSARY,URBAN,PRIVATE,UNGUJA,MEYA,85746,122257,187356.11,6.33,31.89,24.99,80.8,95.0,VICTORIA GARDEN,False
2018,12,48,1,22.0,-5.98,39.34,Male,< 5 yrs,NO,Other,Index Case,KIBWENI KMKM,WEST,PUBLIC,UNGUJA,KIBWENI,85897,122302,178072.0,1.36,32.76,24.32,75.8,95.0,KIZIMBANI-Zanzibar,False
2018,12,49,2,19.85,-5.85,39.38,Male,15-29 yrs,YES,Other,Index Case,MAHONDA MEDICAL CENTRE,MJINI,PRIVATE,UNGUJA,KIWENGWA,85903,122308,221930.5,4.66,31.87,24.39,81.7,95.0,Mahonda,True
2018,12,50,9,21.77,-6.0,39.3,Male,5-14 yrs,NO,Other,Other Household Member,ZIWANI POLICE,MJINI,PUBLIC,UNGUJA,MPENDAE,86182,122392,214512.66,4.71,31.99,25.0,78.81,95.0,VICTORIA GARDEN,True
2018,12,51,16,20.56,-5.86,39.39,Male,5-14 yrs,NO,Other,Other Household Member,ZIWANI POLICE,MJINI,PUBLIC,UNGUJA,JUMBI,86538,122473,212162.34,7.11,31.63,24.48,81.54,95.0,MKOKOTONI-Zanzibar,True
2018,12,52,23,20.95,-5.7,39.44,Female,5-14 yrs,NO,Other,Other Household Member,ZIWANI POLICE,MJINI,PUBLIC,UNGUJA,KIJINI,86820,122491,217323.69,3.96,31.93,24.9,82.22,95.0,Makunduchi,True
2018,12,53,30,23.73,-6.05,39.27,Male,45+ yrs,NO,Other,Index Case,AL-RAHMA HOSPITAL,MJINI,PRIVATE,UNGUJA,KIEMBE SAMAKI,87103,122679,231527.22,4.78,32.24,24.98,78.05,95.0,Zanzibar Airport,False
2019,1,1,1,21.23,-5.83,39.38,Female,30-44 yrs,NO,Other,Other Household Member,ZIWANI POLICE,MJINI,PUBLIC,UNGUJA,KARAKANA,87180,122509,234216.36,5.24,32.68,26.32,75.23,95.2,VICTORIA GARDEN,False
2019,1,2,6,22.82,-5.96,39.33,Female,30-44 yrs,NO,Other,Index Case,ASSA-KHERI DISPENSARY,MJINI,PRIVATE,UNGUJA,MUUNGANO,87569,122766,247929.28,3.75,32.81,25.64,73.99,95.2,VICTORIA GARDEN,True
2019,1,3,13,22.44,-5.89,39.37,Male,15-29 yrs,NO,Other,Index Case,ASSA-KHERI DISPENSARY,MJINI,PRIVATE,UNGUJA,MTO PEPO,88208,122903,258105.07,4.31,32.41,25.49,76.55,95.2,KIZIMBANI-Zanzibar,True
2019,1,4,20,22.25,-5.96,39.33,Male,15-29 yrs,NO,Other,Other Household Member,ZIWANI POLICE,MJINI,PUBLIC,UNGUJA,KWAALINATU,88612,122959,247951.23,5.29,32.21,24.94,74.3,95.2,VICTORIA GARDEN,True
2019,1,5,27,24.05,-5.93,39.34,Female,5-14 yrs,NO,Other,Other Household Member,ZIWANI POLICE,MJINI,PUBLIC,UNGUJA,BWEJUU,89142,123109,233374.59,1.41,32.36,25.66,72.76,95.2,Makunduchi,False
2019,2,5,1,22.89,-6.07,39.27,Female,5-14 yrs,NO,Other,Other Household Member,ZIWANI POLICE,MJINI,PUBLIC,UNGUJA,BUMBWINI MAKOBA,89446,123200,299520.66,7.03,33.12,24.64,70.33,95.2,Mahonda,False
2019,2,6,3,22.95,-5.86,39.37,Female,5-14 yrs,NO,Other,Index Case,ZIWANI POLICE,MJINI,PUBLIC,UNGUJA,FUONI CHUNGA,89516,123232,250287.65,4.18,31.72,24.81,74.23,95.2,Zanzibar Airport,True
2019,2,7,10,23.31,-5.87,39.36,Male,15-29 yrs,NO,Other,Index Case,UTAPOA DISPENSARY,MJINI,PRIVATE,UNGUJA,KWAALIMSHA,89754,123314,248488.42,3.41,31.46,24.54,74.29,95.2,VICTORIA GARDEN,True
2019,2,8,17,23.11,-5.94,39.32,Male,15-29 yrs,NO,Other,Index Case,AL-MANNA DISPENSARY,MJINI,PRIVATE,UNGUJA,NUNGWI BANDAKUU,90077,123405,236810.42,4.92,31.43,25.14,71.32,95.2,MKOKOTONI-Zanzibar,True
2019,2,9,24,22.77,-5.98,39.32,Female,5-14 yrs,NO,Other,Index Case,ICB DISPENSARY,MJINI,PRIVATE,UNGUJA,SHANGANI,90355,123515,253925.24,54.08,32.11,24.66,72.81,95.2,VICTORIA GARDEN,False
2019,3,9,1,23.5,-5.64,39.47,Male,30-44 yrs,NO,Other,Index Case,MWANAKWEREKWE KKKT DISPENSARY,MJINI,PRIVATE,UNGUJA,MTONI KIDATU,90568,123562,222000.48,5.67,33.63,24.93,80.71,95.2,KIZIMBANI-Zanzibar,False
2019,3,10,3,23.91,-6.05,39.33,Male,45+ yrs,YES,Other,Index Case,MNAZI MMOJA HOSPITAL,MJINI,PUBLIC,UNGUJA,KIPONDA,90592,123529,228898.92,9.98,33.46,24.72,74.54,95.2,VICTORIA GARDEN,False
2019,3,11,10,19.71,-5.87,39.38,Female,45+ yrs,NO,Other,Other Household Member,ZIWANI POLICE,MJINI,PUBLIC,UNGUJA,NYERERE,90837,123566,241179.61,1.86,32.9,25.09,78.97,95.2,VICTORIA GARDEN,False
2019,3,12,17,22.99,-5.92,39.36,Male,30-44 yrs,NO,Other,Other Household Member,ZIWANI POLICE,MJINI,PUBLIC,UNGUJA,KARAKANA,91040,123573,237963.24,1.45,33.72,25.21,80.33,95.2,VICTORIA GARDEN,False
2019,3,13,24,22.15,-5.95,39.33,Male,30-44 yrs,YES,Other,Index Case,ASSA-KHERI DISPENSARY,MJINI,PRIVATE,UNGUJA,WELEZO,91327,123682,242691.84,7.46,34.17,25.21,77.4,95.2,KIZIMBANI-Zanzibar,False
2019,3,14,31,35.21,-6.02,39.31,Female,45+ yrs,NO,Other,Other Household Member,ZIWANI POLICE,MJINI,PUBLIC,UNGUJA,MOMBASA,91635,123685,222374.0,5.62,32.38,24.42,71.35,95.2,Zanzibar Airport,False
2019,4,14,1,20.03,-5.93,39.34,Female,30-44 yrs,NO,Other,Other Household Member,ZIWANI POLICE,MJINI,PUBLIC,UNGUJA,JANGOMBE,91679,123724,256030.42,30.74,31.82,25.19,87.15,95.2,VICTORIA GARDEN,False
2019,4,15,7,21.15,-5.78,39.41,Male,5-14 yrs,NO,Other,Index Case,SANASA DISPENSARY,MJINI,PRIVATE,UNGUJA,MELINNE,91844,123765,226470.79,26.23,31.7,25.07,89.92,95.2,Zanzibar Airport,False
2019,4,16,14,22.66,-6.05,39.31,Female,15-29 yrs,NO,Other,Index Case,ICB DISPENSARY,MJINI,PRIVATE,UNGUJA,KISIWANDUI,92019,123842,238470.56,19.82,31.37,25.05,86.66,95.2,VICTORIA GARDEN,False
2019,4,17,21,22.39,-6.01,39.32,Male,15-29 yrs,NO,Other,Index Case,UTAPOA DISPENSARY,MJINI,PRIVATE,UNGUJA,SAATENI,92258,123887,239556.38,9.56,31.57,25.16,87.59,95.2,VICTORIA GARDEN,False
2019,4,18,28,21.46,-5.99,39.33,Male,15-29 yrs,NO,Other,Other Household Member,ZIWANI POLICE,MJINI,PUBLIC,UNGUJA,CHUKWANI,92401,123924,253372.05,16.69,31.57,24.77,86.79,95.2,Zanzibar Airport,False
2019,5,18,1,21.9,-5.86,39.38,Female,15-29 yrs,YES,Other,Index Case,AL-MANNA DISPENSARY,MJINI,PRIVATE,UNGUJA,NUNGWI KIUNGANI,92507,123964,238425.36,99.84,31.33,24.86,87.98,95.2,MKOKOTONI-Zanzibar,False
2019,5,19,5,23.28,-5.82,39.42,Male,5-14 yrs,NO,Other,Index Case,BUMBWISUDI PHCU,MJINI,PUBLIC,UNGUJA,BUMBWISUDI,92674,124037,237205.49,116.26,30.14,24.76,87.53,95.2,KIZIMBANI-Zanzibar,True
2019,5,20,12,23.16,-5.75,39.44,Male,5-14 yrs,NO,Other,Other Household Member,ZIWANI POLICE,MJINI,PUBLIC,UNGUJA,MKUNAZINI,93010,124096,237933.73,88.57,29.23,25.04,89.07,95.2,VICTORIA GARDEN,True
2019,5,21,19,22.91,-5.84,39.41,Male,5-14 yrs,NO,Other,Other Household Member,ZIWANI POLICE,MJINI,PUBLIC,PEMBA,KINYASINI,93438,124193,252789.13,32.59,29.99,24.69,87.69,95.2,Weni,True
2019,5,22,26,23.15,-6.0,39.35,Female,30-44 yrs,NO,Other,Other Household Member,ZIWANI POLICE,MJINI,PUBLIC,UNGUJA,MBUZINI,93979,124300,256780.96,64.47,29.94,24.54,86.19,95.2,KIZIMBANI-Zanzibar,True
2019,6,22,1,20.42,-6.14,39.23,Male,< 5 yrs,NO,Other,Index Case,BUBUBU MEDICAL DISPENSARY,MJINI,PRIVATE,UNGUJA,DOLE,94351,124399,222374.0,0.0,30.33,23.76,71.1,95.2,KIZIMBANI-Zanzibar,False
2019,6,23,2,23.89,-6.0,39.34,Female,5-14 yrs,NO,Other,Other Household Member,ZIWANI POLICE,MJINI,PUBLIC,UNGUJA,NYERERE,94364,124354,265355.45,4.07,30.12,24.1,74.55,95.2,VICTORIA GARDEN,True
2019,6,24,9,23.86,-6.03,39.32,Female,< 5 yrs,YES,Other,Index Case,JUMBI DISPENSARY,MJINI,PRIVATE,UNGUJA,FUONI MIGOMBANI,94623,124501,255540.07,2.62,29.85,24.0,74.96,95.2,Zanzibar Airport,True
2019,6,25,16,22.03,-5.89,39.39,Male,5-14 yrs,NO,Student,Other Household Member,ZIWANI POLICE,MJINI,PUBLIC,PEMBA,KONDE,95065,124575,255936.31,4.68,29.82,23.57,76.79,95.2,Matangatuani,True
2019,6,26,23,22.04,-5.89,39.38,Male,15-29 yrs,YES,Business,Index Case,AL-RAHMA HOSPITAL,MJINI,PRIVATE,UNGUJA,KIEMBE SAMAKI,95680,124800,235452.94,2.51,29.38,24.05,75.93,95.2,Zanzibar Airport,True
2019,6,27,30,21.31,-6.13,39.26,Female,45+ yrs,NO,Other,Other Household Member,ZIWANI POLICE,MJINI,PUBLIC,UNGUJA,KOANI,96186,124918,250658.52,1.85,29.24,23.99,72.97,95.2,KIZIMBANI-Zanzibar,False
2019,7,27,1,22.41,-5.84,39.39,Male,15-29 yrs,NO,Business,Other Household Member,ZIWANI POLICE,MJINI,PUBLIC,UNGUJA,CHUKWANI,96275,124889,236792.81,3.4,30.44,23.52,75.75,95.2,Zanzibar Airport,True
2019,7,28,7,23.33,-5.94,39.37,Female,15-29 yrs,NO,Other,Other Household Member,ZIWANI POLICE,MJINI,PUBLIC,PEMBA,CHWALE,96866,125235,242108.85,2.05,29.9,24.12,74.39,95.2,Weni,True
2019,7,29,14,23.72,-5.99,39.35,Female,15-29 yrs,NO,Other,Index Case,JUMBI DISPENSARY,MJINI,PRIVATE,UNGUJA,JUMBI,97317,125484,258563.15,5.29,29.59,23.83,74.6,95.2,Weni,True
2019,7,30,21,22.61,-6.01,39.33,Male,15-29 yrs,NO,Student,Other Household Member,ZIWANI POLICE,MJINI,PUBLIC,UNGUJA,UPENJA,98072,125475,246940.55,5.38,29.38,23.17,73.2,95.2,Mahonda,True
2019,7,31,28,21.99,-6.01,39.31,Male,30-44 yrs,NO,Business,Other Household Member,ZIWANI POLICE,MJINI,PUBLIC,UNGUJA,MPENDAE,98746,125632,236620.59,1.37,28.83,23.42,72.0,95.2,VICTORIA GARDEN,True
2019,8,31,1,24.64,-6.09,39.3,Male,< 5 yrs,NO,Other,Other Household Member,ZIWANI POLICE,MJINI,PUBLIC,UNGUJA,MACHUI,99175,125931,261188.66,7.91,30.5,23.07,76.13,95.2,KIZIMBANI-Zanzibar,False
2019,8,32,4,24.64,-6.09,39.27,Male,15-29 yrs,NO,Civil Servant,Other Household Member,ZIWANI POLICE,MJINI,PUBLIC,UNGUJA,KIKWAJUNI JUU,99324,125964,245199.78,8.49,29.39,22.96,74.99,95.2,VICTORIA GARDEN,True
2019,8,33,11,22.4,-6.05,39.32,Male,15-29 yrs,NO,Other,Other Household Member,ZIWANI POLICE,MJINI,PUBLIC,UNGUJA,GAMBA,99726,126128,259918.82,8.71,29.37,23.36,75.67,95.2,MKOKOTONI-Zanzibar,True
2019,8,34,18,23.87,-6.04,39.31,Male,30-44 yrs,NO,Other,Other Household Member,ZIWANI POLICE,MJINI,PUBLIC,PEMBA,KONDE,100114,126218,257363.99,5.66,29.83,23.59,76.26,95.2,Matangatuani,True
2019,8,35,25,23.31,-6.05,39.29,Female,15-29 yrs,NO,Other,Other Household Member,ZIWANI POLICE,MJINI,PUBLIC,UNGUJA,KINYASINI,100494,126300,262582.92,5.17,29.79,23.29,75.97,95.2,MKOKOTONI-Zanzibar,True
2019,9,36,1,23.57,-6.07,39.29,Female,30-44 yrs,NO,Other,Other Household Member,ZIWANI POLICE,MJINI,PUBLIC,UNGUJA,MBALENI,100750,126428,236778.05,6.03,29.38,22.2,75.67,95.2,Mahonda,True
2019,9,37,8,24.99,-6.05,39.29,Female,45+ yrs,NO,Other,Other Household Member,ZIWANI POLICE,MJINI,PUBLIC,UNGUJA,SHAURIMOYO,101098,126523,246444.64,13.5,30.02,22.3,76.6,95.2,VICTORIA GARDEN,True
2019,9,38,15,22.65,-6.04,39.29,Female,15-29 yrs,NO,Business,Other Household Member,ZIWANI POLICE,MJINI,PUBLIC,UNGUJA,FUONI KIBONDENI,101380,126576,265552.5,10.66,30.0,23.03,76.11,95.2,Zanzibar Airport,True
2019,9,39,22,22.85,-6.01,39.3,Male,45+ yrs,NO,Civil Servant,Index Case,ZIWANI POLICE,MJINI,PUBLIC,UNGUJA,MWEMBESHAURI,101688,126728,262516.51,7.68,30.14,23.4,75.88,95.2,VICTORIA GARDEN,True
2019,9,40,29,24.75,-5.98,39.39,Male,15-29 yrs,NO,Business,Other Household Member,ZIWANI POLICE,MJINI,PUBLIC,UNGUJA,PANGAWE,101836,126727,313971.16,16.54,30.04,23.66,78.24,95.2,Zanzibar Airport,False
2019,10,40,1,22.21,-6.07,39.32,Male,5-14 yrs,NO,Other,Index Case,FUONI PHCU+,WEST B,PUBLIC,PEMBA,UWANDANI,101899,126830,319960.66,20.81,30.3,24.32,79.6,95.2,Karume airport Pemba,False
2019,10,41,6,24.29,-5.82,39.41,Female,15-29 yrs,YES,Student,Index Case,ZIWANI POLICE,MJINI,PUBLIC,UNGUJA,KWAHANI,102073,126867,256407.46,48.58,29.58,24.22,82.48,95.2,VICTORIA GARDEN,True
2019,10,42,13,23.44,-5.76,39.44,Male,30-44 yrs,YES,Business,Index Case,AL-RAHMA HOSPITAL,MJINI,PRIVATE,UNGUJA,TOMONDO,102250,126921,237167.92,70.06,29.26,24.28,84.36,95.2,Zanzibar Airport,True
2019,10,43,20,22.52,-5.59,39.48,Male,45+ yrs,NO,Other,Other Household Member,ZIWANI POLICE,MJINI,PUBLIC,PEMBA,MAKANGALE,102596,125524,238667.29,34.08,29.68,24.02,86.15,95.2,Matangatuani,True
2019,10,44,27,23.9,-5.96,39.34,Female,5-14 yrs,NO,Other,Other Household Member,ZIWANI POLICE,MJINI,PUBLIC,PEMBA,TUMBE MASHARIKI,103006,127046,240129.38,44.46,30.37,24.21,81.47,95.2,Matangatuani,False
2019,11,44,1,22.61,-6.07,39.29,Male,30-44 yrs,NO,Business,Other Household Member,ZIWANI POLICE,MJINI,PUBLIC,UNGUJA,MWERA,103154,127085,287760.83,29.04,31.86,24.76,78.98,95.2,KIZIMBANI-Zanzibar,False
2019,11,45,3,23.19,-5.97,39.31,Male,30-44 yrs,YES,Business,Index Case,KIBWENI KMKM,MJINI,PUBLIC,UNGUJA,KITOPE,103201,127190,234452.61,22.38,30.78,24.85,79.59,95.2,Mahonda,True
2019,11,46,10,23.53,-6.07,39.29,Female,5-14 yrs,NO,Student,Other Household Member,ZIWANI POLICE,MJINI,PUBLIC,UNGUJA,CHUKWANI,103497,127195,244904.57,26.45,30.91,24.37,78.72,95.2,Zanzibar Airport,True
2019,11,47,17,22.22,-5.95,39.33,Female,5-14 yrs,NO,Student,Other Household Member,ZIWANI POLICE,MJINI,PUBLIC,UNGUJA,MAKADARA,103821,127278,248557.15,24.24,31.07,24.71,80.01,95.2,VICTORIA GARDEN,True
2019,11,48,24,23.52,-5.99,39.31,Male,15-29 yrs,NO,Business,Other Household Member,ZIWANI POLICE,MJINI,PUBLIC,UNGUJA,JANGOMBE,104224,127416,237239.82,16.33,31.5,24.51,78.75,95.2,VICTORIA GARDEN,True
2019,12,49,1,24.45,-5.97,39.33,Male,15-29 yrs,YES,Business,Index Case,SEBLENI PHCU,MJINI,PUBLIC,UNGUJA,SEBLENI,105041,127740,242766.96,35.73,32.14,24.23,77.98,95.2,VICTORIA GARDEN,True
2019,12,50,8,21.43,-5.93,39.34,Female,15-29 yrs,NO,Student,Other Household Member,ZIWANI POLICE,MJINI,PUBLIC,PEMBA,KIUNGONI,105691,127946,244263.29,12.1,32.6,24.99,78.7,95.2,Weni,True
2019,12,51,15,22.02,-5.86,39.38,Male,15-29 yrs,NO,Student,Other Household Member,ZIWANI POLICE,MJINI,PUBLIC,PEMBA,MICHEWENI,106804,128400,241052.77,40.36,31.77,24.82,79.33,95.2,Matangatuani,True
2019,12,52,22,21.96,-5.93,39.35,Male,15-29 yrs,NO,Other,Index Case,ZIWANI POLICE,URBAN,PUBLIC,UNGUJA,KWAALINATU,108150,128982,248427.46,34.38,32.6,24.88,78.81,95.2,VICTORIA GARDEN,True
2019,12,53,29,21.68,-5.89,39.36,Male,15-29 yrs,NO,Business,Other Household Member,ZIWANI POLICE,MJINI,PUBLIC,PEMBA,TONDOONI,109259,129279,239488.85,15.52,31.84,25.7,80.57,95.2,Matangatuani,True
2020,1,1,1,22.4,-5.96,39.33,Male,30-44 yrs,NO,Other,Index Case,MNAZI MMOJA HOSPITAL,URBAN,PUBLIC,UNGUJA,MIEMBENI,109914,129972,412797.62,2.68,33.24,25.67,76.94,96.9,VICTORIA GARDEN,True
2020,1,2,5,22.74,-5.9,39.37,Female,15-29 yrs,NO,Business,Other Household Member,ZIWANI POLICE,MJINI,PUBLIC,UNGUJA,FUONI KIJITOUPELE,110560,130019,407858.56,6.36,32.35,25.46,78.45,96.9,Zanzibar Airport,True
2020,1,3,12,20.78,-5.87,39.38,Female,15-29 yrs,NO,Civil Servant,Other Household Member,ZIWANI POLICE,MJINI,PUBLIC,PEMBA,KINOWE,111930,130953,408979.0,20.57,31.88,25.14,78.35,96.9,Matangatuani,True
2020,1,4,19,22.13,-5.96,39.35,Male,30-44 yrs,NO,Other,Other Household Member,ZIWANI POLICE,MJINI,PUBLIC,UNGUJA,MAHONDA,113631,131809,409993.4,43.71,30.89,25.53,78.13,96.9,Mahonda,True
2020,1,5,26,22.17,-5.99,39.34,Male,15-29 yrs,NO,Business,Index Case,MODERN DISPENSARY,MJINI,PRIVATE,UNGUJA,KIBOJE MWEMBE SHAURI,115190,132580,410550.49,13.99,30.73,25.73,77.65,96.9,Weni,True
2020,2,5,1,18.3,-6.06,39.3,Male,< 5 yrs,NO,Other,Index Case,MODERN DISPENSARY,CENTRAL,PRIVATE,UNGUJA,MWEMBESHAURI,116160,133165,429803.07,10.27,33.82,24.59,79.46,96.9,VICTORIA GARDEN,False
2020,2,6,2,21.26,-5.99,39.32,Male,30-44 yrs,NO,Other,Index Case,M&J DISPENSARY,MJINI,PRIVATE,UNGUJA,MPENDAE,116236,133213,413194.51,6.63,32.42,24.91,78.16,96.9,VICTORIA GARDEN,True
2020,2,7,9,21.06,-5.88,39.39,Male,30-44 yrs,NO,Business,Other Household Member,ZIWANI POLICE,MJINI,PUBLIC,UNGUJA,KIKWAJUNI JUU,116969,133280,403981.79,6.59,31.44,24.86,81.08,96.9,VICTORIA GARDEN,True
2020,2,8,16,20.52,-5.95,39.35,Male,5-14 yrs,NO,Other,Index Case,UTAPOA DISPENSARY,MJINI,PRIVATE,UNGUJA,MIEMBENI,117566,131825,409194.02,10.04,31.2,25.46,79.57,96.9,VICTORIA GARDEN,True
2020,2,9,23,23.78,-5.96,39.34,Female,< 5 yrs,NO,Other,Other Household Member,ZIWANI POLICE,MJINI,PUBLIC,UNGUJA,FUKUCHANI,118232,134252,406847.04,8.46,31.99,25.51,79.53,96.9,MKOKOTONI-Zanzibar,True
2020,3,10,1,24.42,-5.91,39.36,Male,30-44 yrs,NO,Other,Other Household Member,ZIWANI POLICE,MJINI,PUBLIC,UNGUJA,NUNGWI BANDAKUU,118893,134617,409573.86,20.96,31.88,25.31,82.34,96.9,MKOKOTONI-Zanzibar,True
2020,3,11,8,23.22,-5.86,39.38,Male,< 5 yrs,NO,Student,Other Household Member,ZIWANI POLICE,MJINI,PUBLIC,UNGUJA,PANGAWE,119533,134767,408518.21,25.39,31.78,25.11,83.07,96.9,Zanzibar Airport,True
2020,3,12,15,23.6,-5.92,39.37,Male,5-14 yrs,NO,Other,Other Household Member,ZIWANI POLICE,MJINI,PUBLIC,PEMBA,KIUYU MAZIWA NGOMBE,120128,133204,412793.27,14.63,31.67,25.61,83.03,96.9,Matangatuani,True
2020,3,13,22,22.48,-5.68,39.46,Female,5-14 yrs,NO,Other,Other Household Member,ZIWANI POLICE,MJINI,PUBLIC,PEMBA,JUNGUNI,120707,135042,412594.7,11.98,31.7,25.3,85.45,96.9,Weni,True
2020,3,14,29,22.49,-5.82,39.39,Male,5-14 yrs,NO,Student,Other Household Member,ZIWANI POLICE,MJINI,PUBLIC,UNGUJA,KIDOTI,121686,135449,412809.13,24.12,31.29,25.26,85.36,96.9,MKOKOTONI-Zanzibar,True
2020,4,14,1,21.72,-5.76,39.43,Male,5-14 yrs,NO,Student,Other Household Member,ZIWANI POLICE,MJINI,PUBLIC,PEMBA,KONDE,122004,134400,412073.99,32.86,32.76,25.62,85.99,96.9,Matangatuani,True
2020,4,15,5,23.65,-5.91,39.34,Male,< 5 yrs,NO,Other,Other Household Member,ZIWANI POLICE,MJINI,PUBLIC,PEMBA,KIPANGANI,122487,135685,416912.33,54.82,31.03,25.03,86.19,96.9,Weni,True
2020,4,16,12,23.68,-5.83,39.4,Female,15-29 yrs,NO,Student,Other Household Member,ZIWANI POLICE,MJINI,PUBLIC,PEMBA,MBUYUNI,123081,135800,412500.91,95.26,29.76,24.64,85.14,96.9,Abdalla mzee-Mkoani,True
2020,4,17,19,23.49,-5.76,39.43,Female,< 5 yrs,NO,Other,Index Case,JUMBI DISPENSARY,MJINI,PRIVATE,UNGUJA,FUONI UWANDANI,123790,136096,407940.41,113.76,29.48,24.35,85.68,96.9,Zanzibar Airport,True
2020,4,18,26,24.48,-5.88,39.36,Female,15-29 yrs,YES,Other,Index Case,FUONI PHCU+,MJINI,PUBLIC,UNGUJA,PANGAWE,124482,136330,407885.74,91.15,30.03,24.57,85.32,96.9,Zanzibar Airport,True
2020,5,18,1,28.14,-6.07,39.27,Female,45+ yrs,NO,Other,Other Household Member,ZIWANI POLICE,MJINI,PUBLIC,UNGUJA,MIEMBENI,124935,136006,412917.89,52.97,30.25,25.0,84.36,96.9,VICTORIA GARDEN,False
2020,5,19,3,24.49,-5.85,39.38,Male,15-29 yrs,NO,Student,Index Case,CARE CLINIC,MJINI,PRIVATE,UNGUJA,MBWENI,125101,136447,415849.05,53.45,29.61,24.71,85.46,96.9,Zanzibar Airport,True
2020,5,20,10,23.97,-5.91,39.37,Female,30-44 yrs,NO,Civil Servant,Other Household Member,ZIWANI POLICE,MJINI,PUBLIC,UNGUJA,MWEMBESHAURI,125641,136532,414073.82,23.18,29.49,24.75,85.27,96.9,VICTORIA GARDEN,True
2020,5,21,17,24.78,-5.99,39.32,Female,5-14 yrs,NO,Student,Other Household Member,ZIWANI POLICE,MJINI,PUBLIC,UNGUJA,SHAURIMOYO,126340,136775,414345.26,22.37,29.69,24.44,84.77,96.9,VICTORIA GARDEN,True
2020,5,22,24,24.18,-5.96,39.34,Male,30-44 yrs,NO,Other,Index Case,ASSA-KHERI DISPENSARY,MJINI,PRIVATE,UNGUJA,MKELE,127043,137119,410910.9,18.93,30.39,24.43,84.87,96.9,VICTORIA GARDEN,True
2020,5,23,31,27.29,-6.14,39.27,Male,15-29 yrs,NO,Other,Index Case,AL-RAHMA HOSPITAL,URBAN,PRIVATE,UNGUJA,MKUNAZINI,127852,137488,409217.08,9.35,30.32,24.11,83.23,96.9,VICTORIA GARDEN,False
2020,6,23,1,23.89,-6.03,39.3,Female,5-14 yrs,NO,Other,Other Household Member,ZIWANI POLICE,MJINI,PUBLIC,UNGUJA,BUMBWINI MAKOBA,127999,137515,416882.52,3.21,30.27,24.89,78.85,96.9,Mahonda,True
2020,6,24,7,25.45,-6.08,39.27,Male,15-29 yrs,YES,Business,Index Case,CHUKWANI MATERNITY HOME PHCU+,MJINI,PUBLIC,UNGUJA,CHUKWANI,128528,137822,413216.43,3.11,30.21,24.41,78.37,96.9,Zanzibar Airport,True
2020,6,25,14,25.51,-6.01,39.32,Male,< 5 yrs,NO,Other,Other Household Member,ZIWANI POLICE,MJINI,PUBLIC,UNGUJA,JUMBI,129416,138131,412886.61,2.62,29.79,24.27,79.34,96.9,Makunduchi,True
2020,6,26,21,24.04,-5.99,39.31,Male,15-29 yrs,NO,Business,Other Household Member,ZIWANI POLICE,MJINI,PUBLIC,UNGUJA,MPENDAE,130293,138462,410747.92,1.35,29.1,24.12,78.97,96.9,VICTORIA GARDEN,True
2020,6,27,28,24.73,-6.0,39.34,Male,30-44 yrs,NO,Business,Other Household Member,ZIWANI POLICE,MJINI,PUBLIC,UNGUJA,MWEMBEMAKUMBI,131164,138754,413480.61,4.43,28.81,23.87,79.09,96.9,VICTORIA GARDEN,True
2020,7,27,1,25.12,-6.01,39.32,Female,15-29 yrs,YES,Other,Index Case,UZINI PHCU+,MJINI,PUBLIC,UNGUJA,DUNGA KIEMBENI,131667,139097,416324.18,2.81,29.81,23.88,76.51,96.9,VICTORIA GARDEN,True
2020,7,28,5,23.85,-5.97,39.33,Female,15-29 yrs,NO,Other,Other Household Member,ZIWANI POLICE,MJINI,PUBLIC,UNGUJA,KIBWENI,132079,138977,417671.24,6.09,28.83,23.59,75.42,96.9,KIZIMBANI-Zanzibar,True
2020,7,29,12,24.07,-6.07,39.29,Female,15-29 yrs,NO,Other,Index Case,AL-RAHMA HOSPITAL,MJINI,PRIVATE,UNGUJA,MAGOGONI,132928,139515,410936.24,11.91,28.82,23.52,76.17,96.9,Zanzibar Airport,True
2020,7,30,19,23.61,-5.96,39.35,Male,45+ yrs,NO,Other,Other Household Member,ZIWANI POLICE,MJINI,PUBLIC,UNGUJA,WELEZO,133532,139565,418923.36,8.15,28.32,23.16,76.82,96.9,KIZIMBANI-Zanzibar,True
2020,7,31,26,23.36,-5.9,39.37,Female,30-44 yrs,NO,Other,Other Household Member,ZIWANI POLICE,MJINI,PUBLIC,UNGUJA,KIPONDA,134198,139907,407262.22,4.6,28.99,23.85,76.85,96.9,VICTORIA GARDEN,True
2020,8,31,1,32.32,-5.99,39.32,Female,< 5 yrs,NO,Other,Other Household Member,ZIWANI POLICE,MJINI,PUBLIC,UNGUJA,MKOKOTONI,134691,140093,407306.48,2.22,29.87,22.85,77.93,96.9,MKOKOTONI-Zanzibar,False
2020,8,32,2,25.2,-5.94,39.36,Male,30-44 yrs,YES,Other,Index Case,MPENDAE PHCU+,MJINI,PUBLIC,UNGUJA,KISAUNI,134726,140115,413545.0,3.25,29.18,23.34,79.48,96.9,Zanzibar Airport,True
2020,8,33,9,24.29,-5.88,39.38,Male,30-44 yrs,NO,Fisherman,Index Case,AL-MANNA DISPENSARY,MJINI,PRIVATE,UNGUJA,KILINDI,135168,140273,405341.28,3.43,29.07,22.4,80.75,96.9,MKOKOTONI-Zanzibar,True
2020,8,34,16,24.72,-5.88,39.37,Female,15-29 yrs,NO,Other,Other Household Member,ZIWANI POLICE,MJINI,PUBLIC,UNGUJA,MOMBASA,135584,139920,413289.73,9.52,28.98,23.17,79.66,96.9,Zanzibar Airport,True
2020,8,35,23,21.15,-5.87,39.39,Female,15-29 yrs,NO,Other,Other Household Member,ZIWANI POLICE,MJINI,PUBLIC,UNGUJA,KISONGONI,135999,140571,413837.6,6.83,29.13,22.95,80.22,96.9,Mahonda,True
2020,8,36,30,23.94,-6.07,39.29,Female,15-29 yrs,NO,Business,Other Household Member,ZIWANI POLICE,MJINI,PUBLIC,UNGUJA,MARUHUBI,136526,140654,407136.82,8.55,28.66,23.46,78.37,96.9,VICTORIA GARDEN,False
2020,9,36,1,22.09,-5.9,39.35,Female,15-29 yrs,NO,Business,Other Household Member,ZIWANI POLICE,MJINI,PUBLIC,UNGUJA,MAFUFUNI,136706,140741,413719.21,2.87,29.83,23.23,83.01,96.9,Mahonda,True
2020,9,37,6,24.42,-6.02,39.32,Male,30-44 yrs,NO,Business,Other Household Member,ZIWANI POLICE,MJINI,PUBLIC,UNGUJA,KWAMTUMWAJENI,137005,140801,409499.85,4.95,29.48,23.38,82.11,96.9,VICTORIA GARDEN,True
2020,9,38,13,23.25,-6.08,39.29,Male,5-14 yrs,NO,Student,Other Household Member,ZIWANI POLICE,MJINI,PUBLIC,UNGUJA,WELEZO,137449,140890,414182.4,5.06,29.99,23.23,82.7,96.9,KIZIMBANI-Zanzibar,True
2020,9,39,20,23.66,-5.97,39.34,Male,30-44 yrs,NO,Business,Other Household Member,ZIWANI POLICE,MJINI,PUBLIC,UNGUJA,MEYA,137859,141129,420074.86,6.22,29.36,23.13,82.12,96.9,VICTORIA GARDEN,True
2020,9,40,27,23.13,-6.08,39.28,Female,5-14 yrs,NO,Student,Index Case,ICB DISPENSARY,MJINI,PRIVATE,UNGUJA,SHANGANI,138265,141278,420374.8,7.6,30.18,23.02,81.93,96.9,VICTORIA GARDEN,True
2020,10,40,1,24.24,-5.91,39.37,Female,30-44 yrs,NO,Other,Other Household Member,ZIWANI POLICE,MJINI,PUBLIC,UNGUJA,MBUYU TENDE,138580,141373,412582.33,7.18,31.84,23.77,83.51,96.9,MKOKOTONI-Zanzibar,True
2020,10,41,4,23.9,-5.96,39.35,Male,45+ yrs,NO,Civil Servant,Other Household Member,ZIWANI POLICE,MJINI,PUBLIC,UNGUJA,MIEMBENI,138742,141414,410368.62,10.09,30.45,23.52,83.66,96.9,VICTORIA GARDEN,True
2020,10,42,11,25.09,-5.98,39.35,Male,5-14 yrs,NO,Other,Other Household Member,ZIWANI POLICE,MJINI,PUBLIC,UNGUJA,FUONI UWANDANI,139116,141524,418250.08,12.51,31.02,23.65,82.81,96.9,Zanzibar Airport,True
2020,10,43,18,23.17,-6.04,39.32,Male,45+ yrs,NO,Other,Other Household Member,ZIWANI POLICE,MJINI,PUBLIC,UNGUJA,CHUINI,139489,141667,414030.4,22.09,30.62,23.55,82.15,96.9,KIZIMBANI-Zanzibar,True
2020,10,44,25,24.3,-6.03,39.32,Male,15-29 yrs,NO,Business,Other Household Member,ZIWANI POLICE,MJINI,PUBLIC,UNGUJA,KIDONGO CHEKUNDU,139729,141705,420914.43,19.87,31.04,24.23,82.28,96.9,VICTORIA GARDEN,True
2020,11,45,1,24.86,-5.81,39.4,Male,15-29 yrs,YES,Business,Index Case,UTAPOA DISPENSARY,MJINI,PRIVATE,UNGUJA,MWEMBEMAKUMBI,139855,141818,408270.58,19.48,29.98,23.93,85.07,96.9,VICTORIA GARDEN,True
2020,11,46,8,22.88,-6.05,39.3,Female,30-44 yrs,NO,Other,Other Household Member,ZIWANI POLICE,MJINI,PUBLIC,UNGUJA,KIGUNDA,139994,141899,412506.32,42.53,30.02,24.33,83.36,96.9,MKOKOTONI-Zanzibar,True
2020,11,47,15,23.96,-5.91,39.38,Male,5-14 yrs,NO,Student,Index Case,MBWENI MATREKTA PHCU,MJINI,PUBLIC,UNGUJA,KIEMBE SAMAKI,140149,142012,419528.61,19.39,30.57,24.78,83.84,96.9,Zanzibar Airport,True
2020,11,48,22,23.25,-5.95,39.36,Female,45+ yrs,NO,Other,Index Case,DIRA DISPENSARY,MJINI,PRIVATE,PEMBA,KENDWA,140376,142067,414019.4,23.32,30.51,24.74,83.68,96.9,Abdalla mzee-Mkoani,True
2020,11,49,29,25.23,-6.06,39.28,Male,45+ yrs,NO,Other,Other Household Member,ZIWANI POLICE,MJINI,PUBLIC,UNGUJA,DOLE,140700,142157,412325.98,81.47,30.85,24.67,83.1,96.9,KIZIMBANI-Zanzibar,False
2020,12,49,1,22.59,-6.0,39.33,Male,45+ yrs,NO,Fisherman,Index Case,ASSA-KHERI DISPENSARY,MJINI,PRIVATE,UNGUJA,SEBLENI,140895,142255,410437.76,16.88,31.21,24.36,81.64,96.9,VICTORIA GARDEN,True
2020,12,50,6,24.94,-6.01,39.31,Male,5-14 yrs,NO,Other,Index Case,MNAZI MMOJA HOSPITAL,MJINI,PUBLIC,UNGUJA,NYERERE,141253,142363,409829.64,9.12,31.56,24.74,81.87,96.9,VICTORIA GARDEN,True
2020,12,51,13,23.56,-5.98,39.33,Male,5-14 yrs,NO,Other,Other Household Member,ZIWANI POLICE,MJINI,PUBLIC,PEMBA,TIBIRINZI,141807,142577,412162.3,8.46,31.39,24.76,81.85,96.9,Karume airport Pemba,True
2020,12,52,20,24.58,-6.07,39.3,Male,< 5 yrs,NO,Other,Other Household Member,ZIWANI POLICE,MJINI,PUBLIC,UNGUJA,KILIMAHEWA BONDENI,142726,142848,406551.37,13.56,31.41,24.82,81.55,96.9,VICTORIA GARDEN,True
2020,12,53,27,23.81,-6.03,39.31,Male,15-29 yrs,NO,Fisherman,Other Household Member,ZIWANI POLICE,MJINI,PUBLIC,UNGUJA,KIKWAJUNI BONDENI,143507,143146,413982.13,19.89,31.26,25.74,81.91,96.9,VICTORIA GARDEN,True
2021,1,1,1,22.96,-6.05,39.31,Female,15-29 yrs,NO,Watchman/Police,Index Case,ZIWANI POLICE,MJINI,PUBLIC,UNGUJA,KWAALINATU,144300,143511,807545.02,8.8,31.63,25.06,80.26,94.7,VICTORIA GARDEN,False
2021,1,2,3,23.69,-6.01,39.32,Male,45+ yrs,NO,Other,Index Case,MAKUNDUCHI DISTRICT HOSPITAL,MJINI,PUBLIC,UNGUJA,PAJE,144458,143488,805691.79,9.72,30.98,24.81,81.07,94.7,Makunduchi,True
2021,1,3,10,22.53,-6.04,39.32,Female,15-29 yrs,NO,Business,Other Household Member,ZIWANI POLICE,MJINI,PUBLIC,UNGUJA,MAGOMENI,145507,143699,814411.95,13.05,30.13,24.84,80.75,94.7,VICTORIA GARDEN,True
2021,1,4,17,23.42,-6.06,39.3,Male,< 5 yrs,NO,Other,Index Case,ZANZIBAR CLINIC,MJINI,PRIVATE,UNGUJA,MUWEMBEMCHOMEKE,146525,144063,824876.93,1.6,32.2,24.51,80.1,94.7,KIZIMBANI-Zanzibar,True
2021,1,5,24,23.63,-6.08,39.29,Male,15-29 yrs,NO,Other,Index Case,KVZ MTONI,MJINI,PUBLIC,UNGUJA,MTONI,147446,144369,809448.56,4.86,31.84,24.65,80.49,94.7,KIZIMBANI-Zanzibar,True
2021,1,6,31,32.71,-6.09,39.27,Male,45+ yrs,NO,Other,Other Household Member,ZIWANI POLICE,MJINI,PUBLIC,UNGUJA,BUMBWISUDI,148216,144520,839482.53,7.89,30.11,24.06,78.17,94.7,KIZIMBANI-Zanzibar,False
2021,2,6,1,24.04,-6.04,39.3,Male,5-14 yrs,NO,Student,Other Household Member,ZIWANI POLICE,MJINI,PUBLIC,UNGUJA,BUMBWINI MAKOBA,148384,144620,800679.73,3.31,31.95,24.58,79.9,94.7,Mahonda,True
2021,2,7,7,23.05,-6.08,39.3,Female,15-29 yrs,NO,Other,Other Household Member,ZIWANI POLICE,MJINI,PUBLIC,UNGUJA,KIEMBE SAMAKI,148901,144367,805056.14,7.75,31.06,24.68,79.92,94.7,Zanzibar Airport,True
2021,2,8,14,22.91,-6.05,39.33,Male,15-29 yrs,YES,Business,Index Case,ASSA-KHERI DISPENSARY,MJINI,PRIVATE,UNGUJA,MBORIBORINI,149472,144920,824238.07,5.61,31.39,24.94,80.44,94.7,VICTORIA GARDEN,True
2021,2,9,21,23.26,-6.02,39.34,Male,15-29 yrs,YES,Other,Index Case,KIZIMKAZI MKUNGUNI PHCU,MJINI,PUBLIC,UNGUJA,KIZIMKAZI MKUNGUNI,149997,145085,790315.56,5.67,31.47,24.7,79.88,94.7,Makunduchi,True
2021,2,10,28,22.35,-5.92,39.35,Female,30-44 yrs,NO,Other,Other Household Member,ZIWANI POLICE,MJINI,PUBLIC,PEMBA,BOPWE,150481,145216,785847.15,19.73,31.72,24.29,80.56,94.7,Weni,False
2021,3,10,1,23.35,-6.14,39.27,Female,15-29 yrs,NO,Other,Other Household Member,ZIWANI POLICE,MJINI,PUBLIC,UNGUJA,KIZIMKAZI DIMBANI,150523,145226,800420.65,3.25,32.96,25.32,78.12,94.7,Makunduchi,True
2021,3,11,7,23.26,-6.07,39.3,Male,5-14 yrs,NO,Other,Other Household Member,ZIWANI POLICE,MJINI,PUBLIC,UNGUJA,JUMBI,150833,145254,802403.45,3.16,32.57,24.57,77.01,94.7,VICTORIA GARDEN,True
2021,3,12,14,23.78,-5.96,39.34,Male,5-14 yrs,NO,Other,Other Household Member,ZIWANI POLICE,MJINI,PUBLIC,UNGUJA,JUMBI,151287,145349,819671.05,13.56,32.13,24.34,76.03,94.7,Abdalla mzee-Mkoani,True
2021,3,13,21,24.88,-6.11,39.28,Female,15-29 yrs,NO,Business,Other Household Member,ZIWANI POLICE,MJINI,PUBLIC,UNGUJA,MAUNGANI,151682,145454,799793.55,11.72,31.82,24.79,77.65,94.7,Zanzibar Airport,True
2021,3,14,28,23.22,-5.99,39.34,Female,5-14 yrs,NO,Student,Other Household Member,ZIWANI POLICE,MJINI,PUBLIC,UNGUJA,KISAUNI,152061,145641,824338.79,17.11,31.36,24.52,76.11,94.7,Zanzibar Airport,True
2021,4,14,1,23.77,-5.97,39.34,Male,15-29 yrs,NO,Farmer,Other Household Member,ZIWANI POLICE,MJINI,PUBLIC,UNGUJA,MCHANGANI SHAMBA,152289,145753,747633.05,19.51,31.39,25.17,84.59,94.7,Weni,False
2021,4,15,4,24.02,-6.09,39.31,Male,15-29 yrs,NO,Fisherman,Other Household Member,ZIWANI POLICE,MJINI,PUBLIC,UNGUJA,SHANGANI,152405,145661,800505.37,27.41,30.5,24.97,83.03,94.7,VICTORIA GARDEN,True
2021,4,16,11,22.92,-6.11,39.3,Male,5-14 yrs,NO,Student,Other Household Member,ZIWANI POLICE,MJINI,PUBLIC,UNGUJA,PANGAWE,152687,145891,805272.13,43.96,29.87,24.5,83.54,94.7,Zanzibar Airport,True
2021,4,17,18,21.9,-5.9,39.37,Male,5-14 yrs,NO,Under school age (<6 years),Other Household Member,ZIWANI POLICE,MJINI,PUBLIC,UNGUJA,MICHUNGWANI,153089,146005,831190.63,43.58,29.06,24.54,84.3,94.7,Zanzibar Airport,True
2021,4,18,25,24.25,-5.93,39.39,Female,15-29 yrs,NO,Other,Other Household Member,ZIWANI POLICE,MJINI,PUBLIC,UNGUJA,KIJINI,153499,146143,774761.19,44.88,30.97,25.07,84.19,94.7,Makunduchi,True
2021,5,18,1,28.13,-6.19,39.26,Female,45+ yrs,NO,Business,Other Household Member,ZIWANI POLICE,MJINI,PUBLIC,UNGUJA,KIHINANI,153786,146252,832227.0,44.31,29.11,25.55,78.61,94.7,KIZIMBANI-Zanzibar,False
2021,5,19,2,23.78,-6.01,39.35,Male,30-44 yrs,YES,Business,Index Case,SAHEL DISPENSARY,MJINI,PRIVATE,UNGUJA,KINUNI,153836,146303,808341.35,47.24,28.75,24.28,80.78,94.7,Zanzibar Airport,True
2021,5,20,9,24.5,-6.09,39.33,Female,15-29 yrs,NO,Housewife,Other Household Member,ZIWANI POLICE,MJINI,PUBLIC,UNGUJA,MCHANGANI SHAMBA,154335,146404,715116.53,7.87,30.59,24.67,79.11,94.7,VICTORIA GARDEN,True
2021,5,21,16,24.81,-6.01,39.36,Male,15-29 yrs,NO,Other,Index Case,KIVUNGE DISTRICT HOSPITAL,MJINI,PUBLIC,UNGUJA,MUWANGE,154617,146549,819216.23,6.01,30.83,24.82,80.03,94.7,MKOKOTONI-Zanzibar,True
2021,5,22,23,23.7,-6.13,39.29,Male,15-29 yrs,NO,Fisherman,Other Household Member,ZIWANI POLICE,MJINI,PUBLIC,PEMBA,KOJANI,155284,146713,822643.86,2.62,30.36,24.99,79.31,94.7,Weni,True
2021,5,23,30,21.53,-6.06,39.32,Female,15-29 yrs,YES,Business,Index Case,UTAPOA DISPENSARY,MJINI,PRIVATE,UNGUJA,MAKADARA,155857,147033,836574.26,3.22,29.12,24.95,79.41,94.7,VICTORIA GARDEN,False
2021,6,23,1,23.17,-5.97,39.35,Female,15-29 yrs,NO,Business,Other Household Member,ZIWANI POLICE,MJINI,PUBLIC,UNGUJA,DIMANI,155972,146898,824685.64,11.7,30.02,23.96,77.38,94.7,Zanzibar Airport,True
2021,6,24,6,23.12,-6.09,39.3,Female,30-44 yrs,YES,Business,Index Case,SAMIH MEDICAL CLINIC,MJINI,PRIVATE,UNGUJA,BAMBI,156292,147022,773989.79,7.48,29.58,23.93,76.89,94.7,Weni,True
2021,6,25,13,22.26,-6.01,39.34,Male,15-29 yrs,YES,Business,Index Case,JANGOMBE MATARUMBETA PHCU,MJINI,PUBLIC,UNGUJA,KIDONGO CHEKUNDU,156679,147139,806479.96,7.47,28.86,23.79,77.68,94.7,VICTORIA GARDEN,True
2021,6,26,20,22.87,-5.98,39.35,Male,15-29 yrs,NO,Farmer,Index Case,GLORY DISPENSARY,MJINI,PRIVATE,UNGUJA,KINYASINI,157073,147289,834370.56,4.88,28.82,23.03,77.14,94.7,MKOKOTONI-Zanzibar,True
2021,6,27,27,21.42,-6.02,39.34,Female,15-29 yrs,YES,Housewife,Index Case,MWANAMASHUNGI DISPENSARY,MJINI,PRIVATE,PEMBA,MFIKIWA,157638,147495,821565.42,8.67,28.75,22.95,77.99,94.7,Karume airport Pemba,True
2021,7,27,1,22.32,-6.08,39.3,Female,< 5 yrs,NO,Under school age (<6 years),Other Household Member,ZIWANI POLICE,MJINI,PUBLIC,UNGUJA,SOKONI,157888,147337,809068.08,3.56,30.22,23.33,75.25,94.7,Zanzibar Airport,False
2021,7,28,4,22.83,-6.01,39.33,Female,15-29 yrs,NO,Business,Other Household Member,ZIWANI POLICE,MJINI,PUBLIC,PEMBA,CHONGA,158092,147621,799483.54,5.41,28.89,23.68,76.38,94.7,Karume airport Pemba,True
2021,7,29,11,23.34,-6.05,39.31,Female,30-44 yrs,NO,Housewife,Other Household Member,ZIWANI POLICE,MJINI,PUBLIC,UNGUJA,MBWENI,158433,147726,794123.63,9.88,29.05,23.94,75.25,94.7,Zanzibar Airport,True
2021,7,30,18,22.84,-6.01,39.33,Male,5-14 yrs,NO,Student,Index Case,JUMBI DISPENSARY,MJINI,PRIVATE,UNGUJA,CHEJU ZAWIANI,158908,147881,799857.17,4.24,29.34,24.27,76.51,94.7,Zanzibar Airport,True
2021,7,31,25,23.76,-6.04,39.32,Male,30-44 yrs,YES,Business,Index Case,MODERN DISPENSARY,MJINI,PRIVATE,UNGUJA,MCHANGANI SHAMBA,159173,147985,805569.8,3.3,28.91,23.68,75.44,94.7,Matangatuani,True
2021,8,32,1,24.93,-5.98,39.36,Female,15-29 yrs,NO,Housewife,Other Household Member,ZIWANI POLICE,MJINI,PUBLIC,PEMBA,MIZINGANI,159538,148060,813375.36,3.66,28.98,23.0,78.79,94.7,Abdalla mzee-Mkoani,True
2021,8,33,8,23.01,-5.96,39.36,Female,5-14 yrs,NO,Student,Other Household Member,ZIWANI POLICE,MJINI,PUBLIC,UNGUJA,BUNGI,159780,148147,810616.72,3.87,29.21,22.12,79.09,94.7,Matangatuani,True
2021,8,34,15,22.07,-6.02,39.33,Female,15-29 yrs,NO,Housewife,Other Household Member,ZIWANI POLICE,MJINI,PUBLIC,UNGUJA,JUMBI,160037,148175,814556.31,5.78,28.97,22.84,77.69,94.7,Matangatuani,True
2021,8,35,22,24.18,-6.09,39.3,Male,30-44 yrs,YES,Other,Index Case,ZUHA DISPENSARY,MJINI,PRIVATE,UNGUJA,FUONI CHUNGA,160307,148360,765343.53,7.44,29.52,22.74,77.1,94.7,Zanzibar Airport,True
2021,8,36,29,24.25,-5.99,39.33,Male,< 5 yrs,YES,Under school age (<6 years),Index Case,AL-TWAYYB DISPENSARY,MJINI,PUBLIC,UNGUJA,FUJONI,160526,148431,843031.01,4.65,28.04,22.03,79.01,94.7,Mahonda,False
2021,9,36,1,25.24,-5.84,39.44,Male,15-29 yrs,NO,Farmer,Other Household Member,ZIWANI POLICE,MJINI,PUBLIC,PEMBA,TUMBE MAGHARIBI,160644,148467,814567.11,3.54,30.25,23.68,79.92,94.7,Matangatuani,False
2021,9,37,5,22.24,-6.04,39.33,Female,15-29 yrs,NO,Other,Index Case,MPENDAE PHCU+,MJINI,PUBLIC,UNGUJA,MTONI KIDATU,160722,148477,796399.9,5.69,28.82,23.66,77.11,94.7,KIZIMBANI-Zanzibar,True
2021,9,38,12,22.25,-6.07,39.33,Female,5-14 yrs,NO,Student,Other Household Member,ZIWANI POLICE,MJINI,PUBLIC,UNGUJA,UHOLANZI,161088,148573,792986.27,7.47,29.13,23.36,77.07,94.7,KIZIMBANI-Zanzibar,True
2021,9,39,19,22.06,-6.11,39.27,Male,30-44 yrs,NO,Other,Other Household Member,ZIWANI POLICE,MJINI,PUBLIC,UNGUJA,KIANGA,161369,148616,822675.42,3.3,29.17,23.3,75.58,94.7,KIZIMBANI-Zanzibar,True
2021,9,40,26,20.35,-6.09,39.3,Female,< 5 yrs,YES,Under school age (<6 years),Index Case,ZIWANI POLICE,MJINI,PUBLIC,UNGUJA,MIEMBENI,161604,148834,785178.32,5.72,29.98,23.3,77.06,94.7,VICTORIA GARDEN,False
2021,10,40,1,19.99,-6.03,39.32,Male,5-14 yrs,NO,Student,Other Household Member,ZIWANI POLICE,MJINI,PUBLIC,UNGUJA,CHUKWANI,161817,148761,753275.74,2.01,31.79,23.06,77.11,94.7,Zanzibar Airport,False
2021,10,41,3,19.72,-5.93,39.37,Female,< 5 yrs,NO,Under school age (<6 years),Other Household Member,ZIWANI POLICE,MJINI,PUBLIC,UNGUJA,UNGUJA UKUU KAEBONA,161874,148829,733830.03,4.99,30.64,23.58,79.4,94.7,KIZIMBANI-Zanzibar,True
2021,10,42,10,23.33,-6.04,39.3,Male,30-44 yrs,YES,Business,Index Case,MAFUNZO-MAKAOO MAKUU,MJINI,PUBLIC,UNGUJA,MAGOGONI,162144,148871,810475.95,4.19,30.9,24.03,77.48,94.7,Zanzibar Airport,True
2021,10,43,17,22.71,-6.04,39.31,Male,30-44 yrs,NO,Other,Other Household Member,ZIWANI POLICE,MJINI,PUBLIC,UNGUJA,KILIMAHEWA JUU,162317,148877,787659.9,10.08,30.36,23.42,77.84,94.7,VICTORIA GARDEN,True
2021,10,44,24,20.98,-5.98,39.35,Female,5-14 yrs,NO,Student,Other Household Member,ZIWANI POLICE,MJINI,PUBLIC,UNGUJA,KISAUNI,162604,148990,791598.25,10.12,31.03,23.3,78.77,94.7,Zanzibar Airport,True
2021,10,45,31,13.22,-5.74,39.44,Female,5-14 yrs,YES,Student,Index Case,MJI MPYA MEDICAL CLINIC,MJINI,PRIVATE,UNGUJA,KISAUNI,162869,149075,878264.0,32.61,29.76,22.52,81.0,94.7,Zanzibar Airport,False
2021,11,45,1,21.82,-6.02,39.33,Male,5-14 yrs,NO,Other,Other Household Member,ZIWANI POLICE,MJINI,PUBLIC,PEMBA,BOPWE,162884,149076,793563.46,3.73,31.82,24.62,79.92,94.7,Weni,True
2021,11,46,7,22.29,-5.99,39.32,Female,< 5 yrs,NO,Other,Other Household Member,ZIWANI POLICE,MJINI,PUBLIC,UNGUJA,KIBENI,163129,149146,820094.63,6.89,31.69,24.25,79.99,94.7,MKOKOTONI-Zanzibar,True
2021,11,47,14,21.99,-6.08,39.3,Male,15-29 yrs,YES,Business,Index Case,HASSAN CLINIC,MJINI,PRIVATE,UNGUJA,MATARUMBETA ,163363,149211,813267.75,2.0,31.72,23.76,79.12,94.7,VICTORIA GARDEN,True
2021,11,48,21,21.39,-5.95,39.34,Male,45+ yrs,NO,Business,Other Household Member,ZIWANI POLICE,MJINI,PUBLIC,UNGUJA,KINUNI,163545,149207,841705.87,6.67,32.02,24.55,78.58,94.7,Zanzibar Airport,True
2021,11,49,28,21.35,-6.14,39.28,Female,5-14 yrs,NO,Student,Other Household Member,ZIWANI POLICE,MJINI,PUBLIC,UNGUJA,MICHAMVI,163813,149248,855544.44,13.27,31.92,25.55,78.75,94.7,Makunduchi,False
2021,12,49,1,23.38,-6.11,39.27,Male,30-44 yrs,NO,Other,Other Household Member,ZIWANI POLICE,MJINI,PUBLIC,UNGUJA,MAHONDA,163891,149346,835606.9,29.75,31.14,24.86,81.55,94.7,Mahonda,False
2021,12,50,5,24.39,-5.96,39.34,Male,< 5 yrs,NO,Under school age (<6 years),Other Household Member,ZIWANI POLICE,MJINI,PUBLIC,UNGUJA,MAPINDUZI,163975,149383,830600.94,35.91,30.57,24.75,82.46,94.7,VICTORIA GARDEN,False
2021,12,51,12,22.04,-5.96,39.35,Female,45+ yrs,YES,Business,Index Case,MNAZI MMOJA HOSPITAL,MJINI,PUBLIC,UNGUJA,BUBUBU,164183,149464,809269.8,31.55,31.12,24.44,82.69,94.7,KIZIMBANI-Zanzibar,False
2021,12,52,19,21.63,-5.91,39.39,Female,15-29 yrs,NO,Housewife,Other Household Member,ZIWANI POLICE,MJINI,PUBLIC,UNGUJA,KITOGANI,164359,149265,807757.02,18.62,31.27,24.66,83.11,94.7,Makunduchi,True
2021,12,53,26,22.95,-6.11,39.28,Male,5-14 yrs,YES,Student,Index Case,QUIK DISPENSARY,MJINI,PRIVATE,UNGUJA,KIANGA,164656,149580,800342.55,25.97,31.55,24.68,81.09,94.7,KIZIMBANI-Zanzibar,True
2022,1,1,1,22.74,-5.96,39.35,Female,5-14 yrs,NO,Student,Index Case,HURUMA DISPENSARY,MJINI,PRIVATE,UNGUJA,MAGOMENI,165047,149680,381544.22,1.04,33.24,24.87,77.63,97.8,VICTORIA GARDEN,False
2022,1,2,2,21.07,-6.04,39.31,Female,30-44 yrs,NO,Housewife,Index Case,CHUKWANI MATERNITY HOME PHCU+,MJINI,PUBLIC,UNGUJA,MBWENI,165066,149708,395429.52,1.77,32.34,25.68,78.4,97.8,Zanzibar Airport,True
2022,1,3,9,22.4,-6.04,39.31,Male,15-29 yrs,NO,Student,Index Case,SHASH DISPENSARY,MJINI,PRIVATE,UNGUJA,MELINNE,165895,149913,384617.13,11.04,32.43,25.94,78.63,97.8,Zanzibar Airport,True
2022,1,4,16,21.41,-6.0,39.32,Male,5-14 yrs,NO,Student,Index Case,KMKM WETE,MJINI,PUBLIC,PEMBA,LIMBANI,166735,150120,387467.46,31.99,32.45,24.97,78.35,97.8,Weni,True
2022,1,5,23,21.47,-6.0,39.34,Male,30-44 yrs,NO,Other,Other Household Member,ZIWANI POLICE,MJINI,PUBLIC,UNGUJA,JUMBI,167501,150323,384490.3,21.43,30.93,24.32,78.46,97.8,Abdalla mzee-Mkoani,True
2022,1,6,30,21.61,-6.05,39.32,Male,< 5 yrs,NO,Under school age (<6 years),Other Household Member,ZIWANI POLICE,MJINI,PUBLIC,UNGUJA,CHUKWANI,168089,150437,387502.35,17.65,30.32,24.92,78.56,97.8,Zanzibar Airport,False
2022,2,6,1,24.22,-6.02,39.31,Male,45+ yrs,NO,Farmer,Other Household Member,ZIWANI POLICE,MJINI,PUBLIC,UNGUJA,MBALENI,168220,150490,392871.79,19.77,31.32,24.61,80.06,97.8,Mahonda,False
2022,2,7,6,21.0,-5.91,39.36,Male,5-14 yrs,NO,Student,Index Case,CITIZEN DISPENSARY,MJINI,PRIVATE,PEMBA,FUNDO,168460,150587,385703.5,9.47,31.75,24.64,79.31,97.8,Weni,True
2022,2,8,13,22.32,-5.78,39.4,Male,45+ yrs,NO,Farmer,Index Case,MWANAMASHUNGI DISPENSARY,MJINI,PRIVATE,PEMBA,KIBOKONI,168934,150698,389782.38,8.8,31.58,25.15,78.92,97.8,Karume airport Pemba,True
2022,2,9,20,23.2,-5.84,39.4,Female,30-44 yrs,NO,Business,Other Household Member,ZIWANI POLICE,MJINI,PUBLIC,UNGUJA,KWAALIMSHA,169239,150742,384541.96,13.92,31.7,24.8,79.45,97.8,VICTORIA GARDEN,True
2022,2,10,27,23.56,-6.13,39.26,Male,30-44 yrs,NO,Business,Other Household Member,ZIWANI POLICE,MJINI,PUBLIC,UNGUJA,KARAKANA,169536,150831,379251.0,9.48,30.76,24.79,80.82,97.8,VICTORIA GARDEN,False
2022,3,10,1,21.04,-5.94,39.33,Male,5-14 yrs,NO,Under school age (<6 years),Index Case,DONGE MCHANGANI PHCU,MJINI,PUBLIC,UNGUJA,DONGE KIPANGE,169627,150913,387475.05,1.16,33.57,24.84,76.67,97.8,MKOKOTONI-Zanzibar,False
2022,3,11,6,23.27,-5.92,39.35,Male,15-29 yrs,NO,Student,Index Case,MNAZI MMOJA HOSPITAL,MJINI,PUBLIC,UNGUJA,MWEMBETANGA,169837,151081,383628.27,1.13,32.34,24.56,75.76,97.8,VICTORIA GARDEN,True
2022,3,12,13,24.35,-5.97,39.32,Female,45+ yrs,NO,Other,Index Case,BANDARINI PHCU,MJINI,PUBLIC,UNGUJA,UHOLANZI,170303,151098,392680.75,3.16,32.62,25.13,76.9,97.8,KIZIMBANI-Zanzibar,True
2022,3,13,20,22.75,-5.9,39.37,Female,30-44 yrs,NO,Other,Index Case,AFAA DISPENSARY,MJINI,PRIVATE,UNGUJA,PANGAWE,170646,151203,388823.36,10.83,31.66,25.28,75.93,97.8,Zanzibar Airport,True
2022,3,14,27,22.33,-5.89,39.38,Male,15-29 yrs,NO,Business,Index Case,DIRA DISPENSARY,MJINI,PRIVATE,PEMBA,GOMBANI,170926,151281,387444.22,13.61,32.3,25.48,75.76,97.8,Karume airport Pemba,True
2022,4,14,1,21.95,-5.86,39.4,Female,30-44 yrs,NO,Housewife,Other Household Member,ZIWANI POLICE,MJINI,PUBLIC,PEMBA,KOJANI,171150,151349,382604.65,6.51,32.21,25.74,83.24,97.8,Weni,False
2022,4,15,3,23.88,-5.96,39.36,Male,15-29 yrs,NO,Farmer,Other Household Member,ZIWANI POLICE,MJINI,PUBLIC,UNGUJA,BWEJUU,171213,150884,389968.75,9.41,31.95,25.19,82.93,97.8,Makunduchi,True
2022,4,16,10,22.42,-5.9,39.4,Male,< 5 yrs,NO,Under school age (<6 years),Other Household Member,ZIWANI POLICE,MJINI,PUBLIC,UNGUJA,PANGAWE,171625,151428,384862.59,14.52,31.27,25.29,82.37,97.8,Zanzibar Airport,True
2022,4,17,17,22.09,-5.8,39.46,Male,45+ yrs,NO,Business,Index Case,ASSA-KHERI DISPENSARY,MJINI,PRIVATE,UNGUJA,MWANAKWEREKWE,171922,151554,385208.0,74.39,30.14,24.58,82.15,97.8,Zanzibar Airport,True
2022,4,18,24,21.59,-5.95,39.37,Male,5-14 yrs,NO,Student,Other Household Member,ZIWANI POLICE,MJINI,PUBLIC,UNGUJA,KIKUNGWI,172177,151616,392165.52,57.75,30.33,24.85,82.8,97.8,MKOKOTONI-Zanzibar,True
2022,5,19,1,24.04,-5.88,39.39,Male,30-44 yrs,NO,Watchman/Police,Index Case,CHUKWANI MILLITARY,MJINI,PUBLIC,UNGUJA,CHUKWANI,172467,152269,389490.04,26.91,29.79,24.76,82.07,97.8,Zanzibar Airport,True
2022,5,20,8,22.47,-5.86,39.38,Female,5-14 yrs,NO,Student,Other Household Member,ZIWANI POLICE,MJINI,PUBLIC,UNGUJA,NYERERE,172648,151657,388158.39,8.87,30.68,25.43,82.08,97.8,VICTORIA GARDEN,True
2022,5,21,15,22.7,-5.99,39.33,Male,5-14 yrs,NO,Student,Index Case,CARE CLINIC,MJINI,PRIVATE,UNGUJA,MBWENI,172986,151906,392282.39,5.83,30.63,25.44,81.96,97.8,Zanzibar Airport,True
2022,5,22,22,23.6,-5.75,39.45,Female,45+ yrs,NO,Other,Index Case,MNAZI MMOJA HOSPITAL,MJINI,PUBLIC,UNGUJA,KIEMBE SAMAKI,173297,152011,383649.35,8.88,31.08,25.36,82.65,97.8,Zanzibar Airport,True
2022,5,23,29,24.66,-6.1,39.29,Female,30-44 yrs,NO,Civil Servant,Other Household Member,ZIWANI POLICE,MJINI,PUBLIC,UNGUJA,MBUZINI,173648,152018,392184.41,6.32,30.21,25.18,81.51,97.8,KIZIMBANI-Zanzibar,False
2022,6,23,1,23.64,-5.87,39.39,Male,5-14 yrs,NO,Student,Other Household Member,ZIWANI POLICE,MJINI,PUBLIC,PEMBA,NGAMBWA,173881,152175,387245.46,16.04,30.83,23.67,63.93,97.8,Karume airport Pemba,True
2022,6,24,5,26.02,-6.04,39.32,Male,15-29 yrs,NO,Fisherman,Index Case,MKOKOTONI PHCU,MJINI,PUBLIC,UNGUJA,MTO WAPWANI,174047,1102,384366.01,9.44,29.13,24.05,73.67,97.8,MKOKOTONI-Zanzibar,True
2022,6,25,12,22.96,-5.91,39.37,Female,5-14 yrs,NO,Student,Index Case,KIBWENI KMKM,MJINI,PUBLIC,UNGUJA,MWAKAJE,174400,152374,394484.72,6.74,29.66,24.31,66.38,97.8,KIZIMBANI-Zanzibar,True
2022,6,26,19,24.62,-5.89,39.39,Male,5-14 yrs,NO,Student,Index Case,MAKUNDUCHI DISTRICT HOSPITAL,MJINI,PUBLIC,UNGUJA,MUUNGONI,174741,152480,386271.16,4.96,29.5,24.42,63.05,97.8,Makunduchi,True
2022,6,27,26,22.21,-5.92,39.37,Female,15-29 yrs,NO,Other,Other Household Member,ZIWANI POLICE,MJINI,PUBLIC,UNGUJA,AMANI,175050,152525,396674.26,7.84,29.33,24.3,65.69,97.8,VICTORIA GARDEN,True
2022,7,27,1,23.56,-6.01,39.32,Female,15-29 yrs,NO,Other,Index Case,MAGOGONI PHCU+,MJINI,PUBLIC,UNGUJA,MWANAKWEREKWE,175359,152655,382264.64,8.48,28.74,22.49,82.72,97.8,Zanzibar Airport,False
2022,7,28,3,22.23,-6.02,39.33,Female,< 5 yrs,YES,Other,Index case,Unknown,MJINI,PUBLIC,UNGUJA,UZI,NotInvest,1017,384473.24,11.12,28.44,23.11,82.8,97.8,Zanzibar Airport,True
2022,7,29,10,23.21,-6.08,39.3,Male,15-29 yrs,NO,Other,Index Case,ZIWANI POLICE,MJINI,PUBLIC,UNGUJA,URUSI,175571,1122,383193.31,7.12,28.42,22.76,81.33,97.8,VICTORIA GARDEN,True
2022,7,30,17,23.2,-5.84,39.41,Female,5-14 yrs,NO,Student,Other Household Member,ZIWANI POLICE,MJINI,PUBLIC,UNGUJA,UBAGO,175819,1126,389769.95,8.06,28.58,22.92,84.16,97.8,Makunduchi,True
2022,7,31,24,23.2,-5.93,39.38,Male,5-14 yrs,NO,Student,Index Case,MICHEWENI COTTAGE HOSPITAL,MJINI,PUBLIC,PEMBA,KINOWE,176035,1201,391371.96,6.02,28.74,22.16,84.27,97.8,Matangatuani,False
2022,7,32,31,20.13,-6.09,39.36,Female,< 5 yrs,NO,Under school age (<6 years),Index Case,KIBWENI KMKM,MJINI,PUBLIC,UNGUJA,BUBUBU,176245,1241,378988.11,13.54,27.2,23.07,83.1,97.8,KIZIMBANI-Zanzibar,False
2022,8,32,1,25.69,-5.96,39.37,Male,30-44 yrs,NO,Business,Other Household Member,ZIWANI POLICE,MJINI,PUBLIC,UNGUJA,MICHIKICHINI,176264,1202,386279.74,4.72,28.64,21.96,81.41,97.8,KIZIMBANI-Zanzibar,False
2022,8,33,7,23.64,-6.01,39.32,Male,15-29 yrs,NO,Business,Index Case,MAFUNZO-MAKAOO MAKUU,MJINI,PUBLIC,UNGUJA,SHANGANI,176408,1283,390838.73,7.24,28.87,22.53,81.13,97.8,VICTORIA GARDEN,True
2022,8,34,14,21.88,-5.93,39.36,Male,45+ yrs,NO,Business,Other Household Member,ZIWANI POLICE,MJINI,PUBLIC,UNGUJA,MTO PEPO,176578,1328,383716.08,5.41,28.29,21.96,81.93,97.8,KIZIMBANI-Zanzibar,False
2022,8,35,21,21.59,-5.33,38.87,Male,< 5 yrs,NO,Other,Other Household Member,ZIWANI POLICE,MJINI,PUBLIC,UNGUJA,MWERA,176740,1367,399888.88,5.75,28.95,21.94,80.93,97.8,KIZIMBANI-Zanzibar,False
2022,8,36,28,24.28,-6.11,39.29,Male,5-14 yrs,NO,Under school age (<6 years),Index Case,JUMBI DISPENSARY,MJINI,PRIVATE,UNGUJA,JUMBI,176881,1428,395765.71,3.34,27.72,22.09,79.38,97.8,MKOKOTONI-Zanzibar,False
2022,9,36,1,23.52,-6.02,39.28,Female,15-29 yrs,NO,Business,Other Household Member,ZIWANI POLICE,MJINI,PUBLIC,UNGUJA,MTO WAPWANI,177017,1441,380441.35,5.66,30.03,22.51,76.52,97.8,MKOKOTONI-Zanzibar,False
2022,9,37,4,20.98,-6.07,39.3,Male,45+ yrs,NO,Other,Index Case,ZANZIBAR MEDICAL GROUP,MJINI,PRIVATE,UNGUJA,KIPONDA,177068,1455,380075.61,3.05,29.03,22.51,77.81,97.8,VICTORIA GARDEN,False
2022,9,38,11,25.27,-6.09,39.31,Male,15-29 yrs,NO,Other,Index Case,JUMBI DISPENSARY,MJINI,PRIVATE,UNGUJA,PONGWE,177214,1494,406791.9,3.53,29.45,22.18,77.0,97.8,Karume airport Pemba,False
2022,9,39,18,21.82,-6.12,39.27,Female,< 5 yrs,NO,Under school age (<6 years),Index Case,BUBUBU MEDICAL DISPENSARY,MJINI,PRIVATE,UNGUJA,MWANYANYA,177368,1606,394277.69,2.33,29.86,22.94,75.11,97.8,KIZIMBANI-Zanzibar,False
2022,9,40,25,23.79,-6.1,39.28,Female,< 5 yrs,NO,Under school age (<6 years),Other Household Member,ZIWANI POLICE,MJINI,PUBLIC,UNGUJA,MAPINDUZI,177500,1621,386459.36,3.45,30.32,23.33,75.56,97.8,VICTORIA GARDEN,False
2022,10,40,1,13.5,-6.13,39.32,Female,< 5 yrs,NO,Under school age (<6 years),Index Case,CITY HEALTH CLINIC,MJINI,PUBLIC,UNGUJA,KOANI,177674,1684,401678.2,19.85,31.03,25.01,77.92,97.8,Zanzibar Airport,False
2022,10,41,2,26.19,-6.02,39.31,Female,15-29 yrs,NO,Unemployed,Index Case,MNAZI MMOJA HOSPITAL,MJINI,PUBLIC,PEMBA,CHACHANI,177680,1688,377721.8,2.48,29.46,22.74,75.59,97.8,Karume airport Pemba,False
2022,10,42,9,21.52,-6.11,39.29,Female,30-44 yrs,NO,Housewife,Other Household Member,ZIWANI POLICE,MJINI,PUBLIC,UNGUJA,KIANGA,177800,1717,394969.62,2.14,30.2,22.85,74.86,97.8,KIZIMBANI-Zanzibar,False
2022,10,43,16,21.19,-6.02,39.33,Female,45+ yrs,NO,Housewife,Other Household Member,ZIWANI POLICE,MJINI,PUBLIC,UNGUJA,MGAMBO,177918,1748,380798.86,2.21,30.2,22.88,76.43,97.8,Mahonda,False
2022,10,44,23,23.35,-6.07,39.29,Male,15-29 yrs,NO,Business,Index Case,MIGOMBANI JESHINI,MJINI,PUBLIC,UNGUJA,MIGOMBANI,178068,1800,384366.83,3.15,29.76,23.37,74.54,97.8,VICTORIA GARDEN,False
2022,10,45,30,22.12,-6.1,39.31,Male,5-14 yrs,NO,Student,Other Household Member,ZIWANI POLICE,MJINI,PUBLIC,UNGUJA,MWANAKWEREKWE,178170,1837,345036.28,16.6,29.44,24.0,75.64,97.8,Zanzibar Airport,False
2022,11,45,1,22.35,-5.68,39.46,Female,45+ yrs,NO,Farmer,Other Household Member,ZIWANI POLICE,MJINI,PUBLIC,PEMBA,FINYA,178191,1843,392155.57,6.71,31.25,23.51,81.42,97.8,Weni,False
2022,11,46,6,24.67,-5.93,39.37,Female,15-29 yrs,YES,Other,Index case,TABASAM DISPENSARY,MAGHARIBI B,PUBLIC,UNGUJA,FUONI MAHARIBIKO,NotInvest,1878,401279.04,18.48,30.71,24.0,80.13,97.8,Zanzibar Airport,False
2022,11,47,13,23.24,-5.94,39.38,Female,15-29 yrs,NO,Fisherman,Index Case,MAKANGALE PHCU+,MJINI,PUBLIC,PEMBA,TONDOONI,178406,1976,402399.16,14.51,30.59,24.26,79.26,97.8,Matangatuani,False
2022,11,48,20,22.72,-5.89,39.39,Male,30-44 yrs,NO,Business,Index Case,DIRA DISPENSARY,MJINI,PRIVATE,PEMBA,GOMBANI,178520,1962,383145.19,21.58,30.44,24.21,81.23,97.8,Karume airport Pemba,False
2022,11,49,27,24.75,-5.89,39.4,Male,5-14 yrs,NO,Student,Other Household Member,ZIWANI POLICE,MJINI,PUBLIC,PEMBA,MGOGONI,178679,2004,388937.56,19.56,30.56,24.31,80.38,97.8,Weni,False
2022,12,49,1,24.86,-5.99,39.32,Female,30-44 yrs,NO,Housewife,Other Household Member,ZIWANI POLICE,MJINI,PUBLIC,UNGUJA,GHANA,178737,2010,377860.96,5.54,31.72,24.53,80.53,97.8,KIZIMBANI-Zanzibar,False
2022,12,50,4,21.48,-6.06,39.3,Female,< 5 yrs,NO,Other,Index Case,UTAPOA DISPENSARY,MJINI,PRIVATE,UNGUJA,AMANI,178818,2055,386752.62,7.41,31.19,24.2,78.9,97.8,VICTORIA GARDEN,False
2022,12,51,11,23.75,-6.08,39.3,Female,5-14 yrs,NO,Student,Other Household Member,ZIWANI POLICE,MJINI,PUBLIC,UNGUJA,CHUKWANI,178943,2081,389884.77,20.32,31.71,24.03,79.9,97.8,Zanzibar Airport,True
2022,12,52,18,21.6,-6.03,39.33,Female,15-29 yrs,NO,Student,Index Case,GLORY CLINIC,MJINI,PRIVATE,UNGUJA,MAUNGANI,179130,2163,389124.6,12.09,31.68,25.08,80.04,97.8,Zanzibar Airport,True
2022,12,53,25,23.61,-6.03,39.31,Male,15-29 yrs,NO,Other,Index case,ZIWANI POLICE,MJINI,PUBLIC,UNGUJA,MWEMBESHAURI,NotInvest,UNKNOWN_CASE,383314.0,28.34,31.11,25.45,79.01,97.8,VICTORIA GARDEN,True
2023,1,1,1,22.7,-6.1,39.27,Female,15-29 yrs,YES,Other,Index Case,PAJE MEDICAL CENTER,MJINI,PUBLIC,UNGUJA,PAJE,179566,2223,279135.76,3.96,31.98,25.98,78.95,94.0,Makunduchi,True
2023,1,2,8,22.28,-6.07,39.32,Male,30-44 yrs,NO,Other,Index case,SHASH DISPENSARY,MAGHARIBI B,PUBLIC,UNGUJA,MELINNE,NotInvest,21948,259071.93,16.2,31.34,25.59,78.79,94.0,Zanzibar Airport,True
2023,1,3,15,23.07,-6.08,39.29,Female,45+ yrs,NO,Housewife,Other Household Member,ZIWANI POLICE,MJINI,PUBLIC,UNGUJA,MPENDAE,180381,2509,263331.7,7.44,31.96,24.85,78.85,94.0,VICTORIA GARDEN,True
2023,1,4,22,23.88,-6.08,39.3,Male,15-29 yrs,NO,Farmer,Other Household Member,ZIWANI POLICE,MJINI,PUBLIC,UNGUJA,JENDELE,180850,2684,260640.76,2.27,32.06,25.36,78.88,94.0,Mahonda,True
2023,1,5,29,22.54,-6.02,39.34,Female,15-29 yrs,NO,Student,Other Household Member,ZIWANI POLICE,MJINI,PUBLIC,UNGUJA,MOMBASA,181314,2777,273722.24,4.76,30.78,25.36,79.98,94.0,Zanzibar Airport,False
2023,2,5,1,23.54,-6.07,39.3,Male,30-44 yrs,NO,Business,Other Household Member,ZIWANI POLICE,MJINI,PUBLIC,UNGUJA,MKELE,181493,2858,269602.92,3.72,32.75,24.59,77.89,94.0,VICTORIA GARDEN,True
2023,2,6,5,23.36,-6.04,39.32,Female,45+ yrs,NO,Unemployed,Other Household Member,ZIWANI POLICE,MJINI,PUBLIC,UNGUJA,MIWANI,181680,2923,278152.79,5.12,31.89,24.52,77.99,94.0,Makunduchi,True
2023,2,7,12,23.16,-6.1,39.32,Female,30-44 yrs,NO,Housewife,Other Household Member,ZIWANI POLICE,MJINI,PUBLIC,UNGUJA,JANGOMBE,182081,3003,271820.66,9.96,31.68,24.59,77.44,94.0,VICTORIA GARDEN,True
2023,2,8,19,24.41,-5.99,39.35,Male,15-29 yrs,YES,Business,Index Case,KIDIMNI DISPENSARY,MJINI,PRIVATE,UNGUJA,KOANI,182472,3202,269371.13,2.14,32.0,25.12,78.2,94.0,Karume airport Pemba,True
2023,2,9,26,22.86,-6.09,39.27,Male,15-29 yrs,NO,Other,Index Case,KIBWENI KMKM,MJINI,PUBLIC,UNGUJA,KIBWENI,182819,3384,260851.51,0.88,31.84,23.53,75.4,94.0,KIZIMBANI-Zanzibar,False
2023,3,9,1,24.06,-6.08,39.29,Female,45+ yrs,NO,Business,Other Household Member,ZIWANI POLICE,MJINI,PUBLIC,UNGUJA,FUJONI,182941,3355,267804.58,1.19,33.74,24.77,77.6,94.0,Mahonda,True
2023,3,10,5,22.78,-6.1,39.3,Female,30-44 yrs,NO,Other,Index Case,UTAPOA DISPENSARY,MJINI,PRIVATE,UNGUJA,MWERA,183119,3428,260991.5,2.54,32.77,24.86,78.15,94.0,KIZIMBANI-Zanzibar,True
2023,3,11,12,22.37,-6.13,39.28,Male,15-29 yrs,NO,Other,Index Case,MNAZI MMOJA HOSPITAL,MJINI,PUBLIC,UNGUJA,MAUNGANI,183344,3497,292563.24,14.46,31.73,25.36,77.92,94.0,Zanzibar Airport,True
2023,3,12,19,25.81,-6.05,39.3,Female,5-14 yrs,NO,Student,Other Household Member,ZIWANI POLICE,MJINI,PUBLIC,PEMBA,SHUNGI,183520,3554,284635.88,24.97,31.41,25.43,77.35,94.0,Karume airport Pemba,True
2023,3,13,26,22.96,-6.09,39.29,Male,15-29 yrs,YES,Watchman/Police,Index Case,MNAZI MMOJA HOSPITAL,MJINI,PUBLIC,UNGUJA,MWEMBEMAKUMBI,183740,3665,253424.35,13.76,31.1,24.67,77.09,94.0,VICTORIA GARDEN,True
2023,4,13,1,28.88,-6.08,39.27,Female,15-29 yrs,NO,Other,Other Household Member,ZIWANI POLICE,MJINI,PUBLIC,UNGUJA,MLANDEGE,184064,3707,270518.09,23.23,31.16,25.41,86.43,94.0,VICTORIA GARDEN,False
2023,4,14,2,23.07,-5.98,39.34,Female,15-29 yrs,NO,Housewife,Other Household Member,ZIWANI POLICE,MJINI,PUBLIC,UNGUJA,KIKWAJUNI JUU,184089,3722,257137.82,31.2,31.42,25.43,86.76,94.0,VICTORIA GARDEN,False
2023,4,15,9,23.2,-6.05,39.33,Male,30-44 yrs,YES,Other,Index Case,FARAJA DISPENSARY,MJINI,PRIVATE,UNGUJA,MAMBOSASA,184185,3776,263780.29,20.88,31.37,25.33,86.03,94.0,Zanzibar Airport,True
2023,4,16,16,24.64,-6.07,39.3,Female,15-29 yrs,NO,Other,Other Household Member,ZIWANI POLICE,MJINI,PUBLIC,UNGUJA,MIGOMBANI,184409,3826,268720.03,75.64,29.16,24.77,86.15,94.0,VICTORIA GARDEN,True
2023,4,17,23,26.58,-6.01,39.32,Male,5-14 yrs,NO,Student,Other Household Member,ZIWANI POLICE,MJINI,PUBLIC,UNGUJA,CHEJU HANYEGWA MCHANA,184612,3898,257144.07,67.45,29.74,24.98,86.16,94.0,Abdalla mzee-Mkoani,True
2023,4,18,30,21.31,-5.93,39.38,Male,15-29 yrs,YES,Farmer,Index Case,KIVUNGE DISTRICT HOSPITAL,MJINI,PUBLIC,UNGUJA,KIDOTI,184874,4050,287345.76,69.39,29.73,24.66,84.37,94.0,MKOKOTONI-Zanzibar,False
2023,5,18,1,24.35,-6.12,39.3,Male,15-29 yrs,NO,Other,Index Case,VITONGOJI COTTAGE HOSPITAL,MJINI,PUBLIC,PEMBA,UWANDANI,184913,4059,274330.73,23.97,30.61,24.65,82.76,94.0,Karume airport Pemba,True
2023,5,19,7,23.13,-6.13,39.31,Male,30-44 yrs,NO,Other,Other Household Member,ZIWANI POLICE,MJINI,PUBLIC,UNGUJA,TAVETA,185260,4125,283783.28,26.4,30.41,24.97,82.64,94.0,Zanzibar Airport,True
2023,5,20,14,22.77,-6.02,39.45,Male,30-44 yrs,NO,Other,Other Household Member,ZIWANI POLICE,MJINI,PUBLIC,UNGUJA,PANGAWE,185706,4217,269608.9,10.62,30.84,25.27,82.72,94.0,Zanzibar Airport,True
2023,5,21,21,23.85,-6.04,39.3,Female,15-29 yrs,NO,Business,Index Case,ASSA-KHERI DISPENSARY,MJINI,PRIVATE,UNGUJA,AMANI,186327,4500,263294.22,8.66,30.25,24.66,83.33,94.0,VICTORIA GARDEN,True
2023,5,22,28,24.58,-5.92,39.54,Male,45+ yrs,NO,Business,Other Household Member,ZIWANI POLICE,MJINI,PUBLIC,UNGUJA,SAATENI,186933,4476,268643.05,13.63,29.72,24.31,83.89,94.0,VICTORIA GARDEN,True
2023,6,22,1,25.02,-6.08,39.3,Female,30-44 yrs,NO,Housewife,Other Household Member,ZIWANI POLICE,MJINI,PUBLIC,UNGUJA,CHUKWANI,187487,4773,255292.62,49.36,28.86,23.91,82.98,94.0,Zanzibar Airport,True
2023,6,23,4,24.47,-6.04,39.45,Male,5-14 yrs,YES,Student,Index Case,KIBWENI KMKM,MJINI,PUBLIC,UNGUJA,MTO PEPO,187751,4860,264357.97,32.85,29.49,23.65,82.33,94.0,KIZIMBANI-Zanzibar,True
2023,6,24,11,23.66,-6.05,39.42,Male,45+ yrs,NO,Business,Other Household Member,ZIWANI POLICE,MJINI,PUBLIC,UNGUJA,MAPINDUZI,188430,5037,261695.36,8.77,29.57,23.9,82.83,94.0,VICTORIA GARDEN,True
2023,6,25,18,24.15,-6.08,39.31,Female,5-14 yrs,NO,Student,Other Household Member,ZIWANI POLICE,MJINI,PUBLIC,UNGUJA,KIZIMKAZI DIMBANI,189376,5212,265075.77,2.44,29.84,23.64,82.89,94.0,Makunduchi,True
2023,6,26,25,24.9,-6.03,39.33,Female,30-44 yrs,NO,Housewife,Other Household Member,ZIWANI POLICE,MJINI,PUBLIC,UNGUJA,TAVETA,190435,5642,270222.23,3.95,29.63,23.79,83.05,94.0,Zanzibar Airport,True
2023,7,26,1,24.07,-5.95,39.39,Male,15-29 yrs,NO,Watchman/Police,Index Case,ZIWANI POLICE,MJINI,PUBLIC,UNGUJA,MICHUNGWANI,191066,5985,251145.68,20.23,28.62,23.53,84.86,94.0,Zanzibar Airport,False
2023,7,27,2,24.21,-6.12,39.27,Female,15-29 yrs,NO,Unemployed,Other Household Member,ZIWANI POLICE,MJINI,PUBLIC,UNGUJA,KIKWAJUNI BONDENI,191114,5939,258090.29,20.37,28.54,23.65,83.3,94.0,VICTORIA GARDEN,True
2023,7,28,9,25.34,-6.1,39.29,Male,15-29 yrs,NO,Other,Other Household Member,ZIWANI POLICE,MJINI,PUBLIC,UNGUJA,JUMBI,191901,6136,267582.39,3.23,29.09,23.09,84.15,94.0,KIZIMBANI-Zanzibar,True
2023,7,29,16,24.64,-6.1,39.26,Male,5-14 yrs,NO,Student,Other Household Member,ZIWANI POLICE,MJINI,PUBLIC,UNGUJA,KWAHANI,192808,6378,260279.61,2.84,29.63,23.5,83.65,94.0,VICTORIA GARDEN,True
2023,7,30,23,24.68,-6.04,39.29,Male,5-14 yrs,NO,Student,Other Household Member,ZIWANI POLICE,MJINI,PUBLIC,UNGUJA,KILOMBERO,193653,6534,264138.66,5.96,28.87,23.4,83.75,94.0,Mahonda,True
2023,7,31,30,23.09,-6.07,39.28,Female,< 5 yrs,NO,Under school age (<6 years),Index Case,KIBWENI KMKM,MJINI,PUBLIC,UNGUJA,GHANA,194676,6947,248660.52,12.78,28.67,23.18,82.97,94.0,Matangatuani,True
2023,8,31,1,23.57,-6.06,39.29,Male,15-29 yrs,YES,Business,Index Case,MBUZINI PHCU,MJINI,PUBLIC,PEMBA,MBUZINI,194882,7043,263608.9,5.88,29.43,23.31,82.97,94.0,Karume airport Pemba,True
2023,8,32,6,24.73,-6.12,39.28,Female,15-29 yrs,NO,Housewife,Other Household Member,ZIWANI POLICE,MJINI,PUBLIC,UNGUJA,SHAURIMOYO,195492,7156,263859.95,4.97,29.24,23.54,82.09,94.0,VICTORIA GARDEN,True
2023,8,33,13,25.49,-6.06,39.28,Female,15-29 yrs,NO,Housewife,Other Household Member,ZIWANI POLICE,MJINI,PUBLIC,UNGUJA,AMANI,196226,7285,261277.93,3.84,29.62,22.95,82.19,94.0,VICTORIA GARDEN,True
2023,8,34,20,25.16,-6.09,39.26,Female,15-29 yrs,NO,Housewife,Other Household Member,ZIWANI POLICE,MJINI,PUBLIC,UNGUJA,FUONI MIGOMBANI,196991,7495,266134.38,4.28,29.63,22.81,81.22,94.0,Zanzibar Airport,True
2023,8,35,27,26.38,-6.07,39.28,Male,15-29 yrs,NO,Watchman/Police,Other Household Member,ZIWANI POLICE,MJINI,PUBLIC,UNGUJA,MICHAMVI,197578,7722,252247.35,1.62,29.44,23.21,81.6,94.0,Makunduchi,True
2023,9,35,1,25.01,-6.1,39.27,Male,30-44 yrs,NO,Unemployed,Other Household Member,ZIWANI POLICE,MJINI,PUBLIC,UNGUJA,BUBUBU,198254,8038,261437.23,2.14,31.42,21.57,77.28,94.0,KIZIMBANI-Zanzibar,False
2023,9,36,3,24.37,-6.12,39.25,Female,5-14 yrs,NO,Student,Other Household Member,ZIWANI POLICE,MJINI,PUBLIC,UNGUJA,MWEMBELADU,198326,7768,262977.06,3.05,29.87,22.75,77.8,94.0,VICTORIA GARDEN,True
2023,9,37,10,24.42,-6.12,39.26,Female,15-29 yrs,NO,Other,Index Case,MELINANE DISPENSARY,MJINI,PUBLIC,UNGUJA,KIHINANI,199174,8287,261841.5,2.1,30.17,22.49,78.1,94.0,KIZIMBANI-Zanzibar,True
2023,9,38,17,24.52,-6.06,39.27,Male,30-44 yrs,NO,Other,Index Case,AL-RAHMA HOSPITAL,MJINI,PRIVATE,UNGUJA,KISAUNI,199603,8381,255200.1,2.06,30.51,22.31,78.08,94.0,Zanzibar Airport,True
2023,9,39,24,24.76,-6.11,39.25,Female,5-14 yrs,NO,Student,Other Household Member,ZIWANI POLICE,MJINI,PUBLIC,UNGUJA,MTOFAANI,200269,8593,250984.86,6.05,30.59,23.42,77.21,94.0,KIZIMBANI-Zanzibar,True
2023,10,40,1,24.46,-6.09,39.27,Male,30-44 yrs,NO,Fisherman,Index Case,ZIWANI POLICE,MJINI,PUBLIC,UNGUJA,JANGOMBE,200833,8788,262588.47,9.64,30.66,24.57,76.05,94.0,VICTORIA GARDEN,True
2023,10,41,8,26.18,-6.12,39.26,Male,30-44 yrs,NO,Civil Servant,Other Household Member,ZIWANI POLICE,MJINI,PUBLIC,UNGUJA,MWEMBETANGA,201328,8898,261672.38,2.46,31.22,24.17,76.44,94.0,VICTORIA GARDEN,True
2023,10,42,15,24.82,-6.11,39.25,Male,5-14 yrs,NO,Student,Other Household Member,ZIWANI POLICE,MJINI,PUBLIC,UNGUJA,MWAKAJE,202078,9130,252865.15,2.28,31.62,24.18,75.61,94.0,KIZIMBANI-Zanzibar,True
2023,10,43,22,25.36,-6.11,39.26,Female,30-44 yrs,NO,Housewife,Other Household Member,ZIWANI POLICE,MJINI,PUBLIC,UNGUJA,FUONI CHUNGA,202755,9187,262546.58,12.89,31.23,24.83,76.83,94.0,Zanzibar Airport,True
2023,10,44,29,24.96,-6.1,39.27,Male,5-14 yrs,NO,Student,Other Household Member,ZIWANI POLICE,MJINI,PUBLIC,UNGUJA,MASINGINI,203330,9378,253726.75,21.14,31.13,24.29,76.97,94.0,KIZIMBANI-Zanzibar,True
2023,11,44,1,24.92,-6.03,39.3,Female,5-14 yrs,NO,Student,Other Household Member,ZIWANI POLICE,MJINI,PUBLIC,UNGUJA,KIJICHI,203608,9534,258226.09,199.52,28.4,24.64,84.77,94.0,KIZIMBANI-Zanzibar,True
2023,11,45,5,24.71,-6.07,39.27,Female,15-29 yrs,NO,Student,Index Case,KIBWENI KMKM,MJINI,PUBLIC,UNGUJA,MTO PEPO,203890,9880,253137.08,150.92,29.33,24.41,83.32,94.0,KIZIMBANI-Zanzibar,True
2023,11,46,12,25.55,-6.04,39.29,Female,45+ yrs,YES,Other,Index case,SEBLENI PHCU,MJINI,PUBLIC,UNGUJA,AMANI,NotInvest,10138,254730.27,56.52,30.34,24.28,82.97,94.0,VICTORIA GARDEN,True
2023,11,47,19,26.26,-6.06,39.28,Female,30-44 yrs,NO,Farmer,Other Household Member,ZIWANI POLICE,MJINI,PUBLIC,UNGUJA,MBUZINI,205745,9627,255223.87,44.6,29.97,24.8,82.85,94.0,KIZIMBANI-Zanzibar,True
2023,11,48,26,25.58,-6.1,39.26,Male,45+ yrs,NO,Other,Other Household Member,ZIWANI POLICE,MJINI,PUBLIC,UNGUJA,KARAKANA,206769,10995,253974.46,45.17,30.27,24.3,83.13,94.0,VICTORIA GARDEN,True
2023,12,48,1,27.08,-6.07,39.27,Male,30-44 yrs,NO,Other,Index case,RAHALEO PHCU+,MJINI,PUBLIC,UNGUJA,KIKWAJUNI JUU,NotInvest,11905,254329.66,25.63,30.81,23.82,81.5,94.0,VICTORIA GARDEN,True
2023,12,49,3,27.01,-6.05,39.29,Male,45+ yrs,NO,Watchman/Police,Index Case,MELINANE DISPENSARY,MJINI,PUBLIC,UNGUJA,KIHINANI,208146,12060,253265.8,22.8,31.17,24.76,81.48,94.0,KIZIMBANI-Zanzibar,True
2023,12,50,10,26.82,-6.02,39.3,Female,45+ yrs,NO,Other,Index case,AGAKHAN POLYLINIC,MJINI,PUBLIC,UNGUJA,MALINDI,NotInvest,16527,255410.35,25.17,31.12,24.82,81.76,94.0,VICTORIA GARDEN,True
2023,12,51,17,28.15,-5.99,39.33,Female,30-44 yrs,NO,Other,Index case,UTAPOA DISPENSARY,MJINI,PUBLIC,UNGUJA,MLANDEGE,NotInvest,14812,257791.24,17.61,31.96,25.1,81.16,94.0,VICTORIA GARDEN,True
2023,12,52,24,27.78,-5.97,39.34,Female,< 5 yrs,NO,Under school age (<6 years),Other Household Member,ZIWANI POLICE,MJINI,PUBLIC,PEMBA,NGOMBENI,213358,16809,255316.72,16.14,31.61,25.8,81.62,94.0,Abdalla mzee-Mkoani,True
