Region,Year,Month,Value
MAGHARIBI  B,2018,JAN,76.75
MAGHARIBI  B,2019,JAN,71
MAGHARIBI  B,2020,JAN,68
MAGHARIBI  B,2021,JAN,81
MAGHARIBI  B,2022,JAN,77
MAGHARIBI  B,2023,JAN,76
MAGHARIBI  B,2018,FEB,82.625
MAGHARIBI  B,2019,FEB,63
MAGHARIBI  B,2020,FEB,72
MAGHARIBI  B,2021,FEB,79
MAGHARIBI  B,2022,FEB,77
MAGHARIBI  B,2023,FEB,76
MAGHARIBI  B,2018,MAR,84
MAGHARIBI  B,2019,MAR,69
MAGHARIBI  B,2020,MAR,77
MAGHARIBI  B,2021,MAR,80
MAGHARIBI  B,2022,MAR,75
MAGHARIBI  B,2023,MAR,75
MAGHARIBI  B,2018,APR,84.75
MAGHARIBI  B,2019,APR,88
MAGHARIBI  B,2020,APR,86
MAGHARIBI  B,2021,APR,87
MAGHARIBI  B,2022,APR,82
MAGHARIBI  B,2023,APR,83
MAGHARIBI  B,2018,MAY,80
MAGHARIBI  B,2019,MAY,86
MAGHARIBI  B,2020,MAY,87
MAGHARIBI  B,2021,MAY,80
MAGHARIBI  B,2022,MAY,77
MAGHARIBI  B,2023,MAY,79
MAGHARIBI  B,2018,JUN,84
MAGHARIBI  B,2019,JUN,63
MAGHARIBI  B,2020,JUN,80
MAGHARIBI  B,2021,JUN,75
MAGHARIBI  B,2022,JUN,75
MAGHARIBI  B,2023,JUN,79
MAGHARIBI  B,2018,JUL,80
MAGHARIBI  B,2019,JUL,62
MAGHARIBI  B,2020,JUL,76
MAGHARIBI  B,2021,JUL,73
MAGHARIBI  B,2022,JUL,73
MAGHARIBI  B,2023,JUL,79
MAGHARIBI  B,2018,AUG,79.5
MAGHARIBI  B,2019,AUG,69
MAGHARIBI  B,2020,AUG,78
MAGHARIBI  B,2021,AUG,77
MAGHARIBI  B,2022,AUG,76
MAGHARIBI  B,2023,AUG,78
MAGHARIBI  B,2018,SEP,77.625
MAGHARIBI  B,2019,SEP,59
MAGHARIBI  B,2020,SEP,88
MAGHARIBI  B,2021,SEP,76
MAGHARIBI  B,2022,SEP,74
MAGHARIBI  B,2023,SEP,73
MAGHARIBI  B,2018,OCT,79.125
MAGHARIBI  B,2019,OCT,69
MAGHARIBI  B,2020,OCT,86
MAGHARIBI  B,2021,OCT,78
MAGHARIBI  B,2022,OCT,74
MAGHARIBI  B,2023,OCT,80
MAGHARIBI  B,2018,NOV,82.5
MAGHARIBI  B,2019,NOV,71
MAGHARIBI  B,2020,NOV,84
MAGHARIBI  B,2021,NOV,82
MAGHARIBI  B,2022,NOV,74
MAGHARIBI  B,2023,NOV,88
MAGHARIBI  B,2018,DEC,83.875
MAGHARIBI  B,2019,DEC,69
MAGHARIBI  B,2020,DEC,82
MAGHARIBI  B,2021,DEC,79
MAGHARIBI  B,2022,DEC,82
MAGHARIBI  B,2023,DEC,84
