District,Station,Year,Month,Week,Min Temperature
Zanzibar,Zanzibar,2023,Jan,1st week,26.8857142857143
Zanzibar,Zanzibar,2023,Feb,1st week,25.0428571428571
Zanzibar,Zanzibar,2023,Mar,1st week,24.7714285714286
Zanzibar,Zanzibar,2023,Apr,1st week,25.5285714285714
Zanzibar,Zanzibar,2023,May,1st week,24.6571428571429
Zanzibar,Zanzibar,2023,Jun,1st week,23.8714285714286
Zanzibar,Zanzibar,2023,Jul,1st week,23.2
Zanzibar,Zanzibar,2023,Aug,1st week,22.4428571428571
Zanzibar,Zanzibar,2023,Sep,1st week,21.2285714285714
Zanzibar,Zanzibar,2023,Oct,1st week,24.8714285714286
Zanzibar,Zanzibar,2023,Nov,1st week,25.0142857142857
Zanzibar,Zanzibar,2023,Dec,1st week,23.6857142857143
Zanzibar,Zanzibar,2023,Jan,2nd week,26.0714285714286
Zanzibar,Zanzibar,2023,Feb,2nd week,24.3571428571429
Zanzibar,Zanzibar,2023,Mar,2nd week,25.5714285714286
Zanzibar,Zanzibar,2023,Apr,2nd week,25.3
Zanzibar,Zanzibar,2023,May,2nd week,24.9571428571429
Zanzibar,Zanzibar,2023,Jun,2nd week,23.9714285714286
Zanzibar,Zanzibar,2023,Jul,2nd week,22.8142857142857
Zanzibar,Zanzibar,2023,Aug,2nd week,22.4
Zanzibar,Zanzibar,2023,Sep,2nd week,20.9857142857143
Zanzibar,Zanzibar,2023,Oct,2nd week,24.2
Zanzibar,Zanzibar,2023,Nov,2nd week,24.3857142857143
Zanzibar,Zanzibar,2023,Dec,2nd week,25.0714285714286
Zanzibar,Zanzibar,2023,Jan,3rd week,25.7285714285714
Zanzibar,Zanzibar,2023,Feb,3rd week,25.1857142857143
Zanzibar,Zanzibar,2023,Mar,3rd week,26.0142857142857
Zanzibar,Zanzibar,2023,Apr,3rd week,24.8714285714286
Zanzibar,Zanzibar,2023,May,3rd week,25.3571428571429
Zanzibar,Zanzibar,2023,Jun,3rd week,23.1
Zanzibar,Zanzibar,2023,Jul,3rd week,22.6714285714286
Zanzibar,Zanzibar,2023,Aug,3rd week,22.5714285714286
Zanzibar,Zanzibar,2023,Sep,3rd week,20.4285714285714
Zanzibar,Zanzibar,2023,Oct,3rd week,24.0
Zanzibar,Zanzibar,2023,Nov,3rd week,24.1428571428571
Zanzibar,Zanzibar,2023,Dec,3rd week,25.1142857142857
Zanzibar,Zanzibar,2023,Jan,4th week,25.5428571428571
Zanzibar,Zanzibar,2023,Feb,4th week,24.1142857142857
Zanzibar,Zanzibar,2023,Mar,4th week,25.9857142857143
Zanzibar,Zanzibar,2023,Apr,4th week,24.7
Zanzibar,Zanzibar,2023,May,4th week,24.3
Zanzibar,Zanzibar,2023,Jun,4th week,23.6142857142857
Zanzibar,Zanzibar,2023,Jul,4th week,22.0142857142857
Zanzibar,Zanzibar,2023,Aug,4th week,22.4285714285714
Zanzibar,Zanzibar,2023,Sep,4th week,22.1571428571429
Zanzibar,Zanzibar,2023,Oct,4th week,24.1
Zanzibar,Zanzibar,2023,Nov,4th week,24.7
Zanzibar,Zanzibar,2023,Dec,4th week,25.6428571428571
Zanzibar,Zanzibar,2022,Jan,1st week,26.0
Zanzibar,Zanzibar,2022,Feb,1st week,24.8285714285714
Zanzibar,Zanzibar,2022,Mar,1st week,25.5714285714286
Zanzibar,Zanzibar,2022,Apr,1st week,25.7571428571429
Zanzibar,Zanzibar,2022,May,1st week,24.8142857142857
Zanzibar,Zanzibar,2022,Jun,1st week,23.6142857142857
Zanzibar,Zanzibar,2022,Jul,1st week,22.2428571428571
Zanzibar,Zanzibar,2022,Aug,1st week,21.7428571428571
Zanzibar,Zanzibar,2022,Sep,1st week,22.2571428571429
Zanzibar,Zanzibar,2022,Oct,1st week,22.5285714285714
Zanzibar,Zanzibar,2022,Nov,1st week,23.4142857142857
Zanzibar,Zanzibar,2022,Dec,1st week,24.4
Zanzibar,Zanzibar,2022,Jan,2nd week,26.2142857142857
Zanzibar,Zanzibar,2022,Feb,2nd week,25.7142857142857
Zanzibar,Zanzibar,2022,Mar,2nd week,25.7714285714286
Zanzibar,Zanzibar,2022,Apr,2nd week,25.4142857142857
Zanzibar,Zanzibar,2022,May,2nd week,25.7285714285714
Zanzibar,Zanzibar,2022,Jun,2nd week,24.6428571428571
Zanzibar,Zanzibar,2022,Jul,2nd week,22.1285714285714
Zanzibar,Zanzibar,2022,Aug,2nd week,21.8285714285714
Zanzibar,Zanzibar,2022,Sep,2nd week,21.7285714285714
Zanzibar,Zanzibar,2022,Oct,2nd week,22.2714285714286
Zanzibar,Zanzibar,2022,Nov,2nd week,24.4
Zanzibar,Zanzibar,2022,Dec,2nd week,24.4428571428571
Zanzibar,Zanzibar,2022,Jan,3rd week,25.3142857142857
Zanzibar,Zanzibar,2022,Feb,3rd week,25.6285714285714
Zanzibar,Zanzibar,2022,Mar,3rd week,26.1714285714286
Zanzibar,Zanzibar,2022,Apr,3rd week,24.8285714285714
Zanzibar,Zanzibar,2022,May,3rd week,25.1714285714286
Zanzibar,Zanzibar,2022,Jun,3rd week,23.6
Zanzibar,Zanzibar,2022,Jul,3rd week,22.4857142857143
Zanzibar,Zanzibar,2022,Aug,3rd week,20.5285714285714
Zanzibar,Zanzibar,2022,Sep,3rd week,23.0857142857143
Zanzibar,Zanzibar,2022,Oct,3rd week,22.4142857142857
Zanzibar,Zanzibar,2022,Nov,3rd week,24.4714285714286
Zanzibar,Zanzibar,2022,Dec,3rd week,25.2857142857143
Zanzibar,Zanzibar,2022,Jan,4th week,24.4714285714286
Zanzibar,Zanzibar,2022,Feb,4th week,25.7857142857143
Zanzibar,Zanzibar,2022,Mar,4th week,25.5857142857143
Zanzibar,Zanzibar,2022,Apr,4th week,25.1857142857143
Zanzibar,Zanzibar,2022,May,4th week,24.9857142857143
Zanzibar,Zanzibar,2022,Jun,4th week,24.1142857142857
Zanzibar,Zanzibar,2022,Jul,4th week,21.9571428571429
Zanzibar,Zanzibar,2022,Aug,4th week,21.6
Zanzibar,Zanzibar,2022,Sep,4th week,23.0
Zanzibar,Zanzibar,2022,Oct,4th week,23.0714285714286
Zanzibar,Zanzibar,2022,Nov,4th week,24.4285714285714
Zanzibar,Zanzibar,2022,Dec,4th week,24.9571428571429
Zanzibar,Zanzibar,2021,Jan,1st week,25.3142857142857
Zanzibar,Zanzibar,2021,Feb,1st week,24.9571428571429
Zanzibar,Zanzibar,2021,Mar,1st week,26.1571428571429
Zanzibar,Zanzibar,2021,Apr,1st week,25.5285714285714
Zanzibar,Zanzibar,2021,May,1st week,24.9142857142857
Zanzibar,Zanzibar,2021,Jun,1st week,23.9
Zanzibar,Zanzibar,2021,Jul,1st week,23.1571428571429
Zanzibar,Zanzibar,2021,Aug,1st week,22.8571428571429
Zanzibar,Zanzibar,2021,Sep,1st week,23.1428571428571
Zanzibar,Zanzibar,2021,Oct,1st week,22.9
Zanzibar,Zanzibar,2021,Nov,1st week,24.8571428571429
Zanzibar,Zanzibar,2021,Dec,1st week,25.5285714285714
Zanzibar,Zanzibar,2021,Jan,2nd week,25.2714285714286
Zanzibar,Zanzibar,2021,Feb,2nd week,25.7285714285714
Zanzibar,Zanzibar,2021,Mar,2nd week,25.0428571428571
Zanzibar,Zanzibar,2021,Apr,2nd week,24.3571428571429
Zanzibar,Zanzibar,2021,May,2nd week,24.8
Zanzibar,Zanzibar,2021,Jun,2nd week,23.3428571428571
Zanzibar,Zanzibar,2021,Jul,2nd week,23.7142857142857
Zanzibar,Zanzibar,2021,Aug,2nd week,21.6571428571429
Zanzibar,Zanzibar,2021,Sep,2nd week,22.9
Zanzibar,Zanzibar,2021,Oct,2nd week,23.5142857142857
Zanzibar,Zanzibar,2021,Nov,2nd week,24.1428571428571
Zanzibar,Zanzibar,2021,Dec,2nd week,24.3571428571429
Zanzibar,Zanzibar,2021,Jan,3rd week,25.0714285714286
Zanzibar,Zanzibar,2021,Feb,3rd week,25.0857142857143
Zanzibar,Zanzibar,2021,Mar,3rd week,25.0
Zanzibar,Zanzibar,2021,Apr,3rd week,24.5428571428571
Zanzibar,Zanzibar,2021,May,3rd week,24.7142857142857
Zanzibar,Zanzibar,2021,Jun,3rd week,23.3714285714286
Zanzibar,Zanzibar,2021,Jul,3rd week,23.4857142857143
Zanzibar,Zanzibar,2021,Aug,3rd week,22.7571428571429
Zanzibar,Zanzibar,2021,Sep,3rd week,22.3714285714286
Zanzibar,Zanzibar,2021,Oct,3rd week,22.9
Zanzibar,Zanzibar,2021,Nov,3rd week,24.0714285714286
Zanzibar,Zanzibar,2021,Dec,3rd week,25.1142857142857
Zanzibar,Zanzibar,2021,Jan,4th week,25.0857142857143
Zanzibar,Zanzibar,2021,Feb,4th week,25.2428571428571
Zanzibar,Zanzibar,2021,Mar,4th week,25.7714285714286
Zanzibar,Zanzibar,2021,Apr,4th week,25.5428571428571
Zanzibar,Zanzibar,2021,May,4th week,24.3428571428571
Zanzibar,Zanzibar,2021,Jun,4th week,21.8428571428571
Zanzibar,Zanzibar,2021,Jul,4th week,23.2857142857143
Zanzibar,Zanzibar,2021,Aug,4th week,21.5285714285714
Zanzibar,Zanzibar,2021,Sep,4th week,22.8714285714286
Zanzibar,Zanzibar,2021,Oct,4th week,23.5285714285714
Zanzibar,Zanzibar,2021,Nov,4th week,25.6571428571429
Zanzibar,Zanzibar,2021,Dec,4th week,25.0571428571429
Zanzibar,Zanzibar,2020,Jan,1st week,25.8428571428571
Zanzibar,Zanzibar,2020,Feb,1st week,25.0571428571429
Zanzibar,Zanzibar,2020,Mar,1st week,25.4
Zanzibar,Zanzibar,2020,Apr,1st week,25.7714285714286
Zanzibar,Zanzibar,2020,May,1st week,24.9285714285714
Zanzibar,Zanzibar,2020,Jun,1st week,24.9428571428571
Zanzibar,Zanzibar,2020,Jul,1st week,23.5857142857143
Zanzibar,Zanzibar,2020,Aug,1st week,23.0285714285714
Zanzibar,Zanzibar,2020,Sep,1st week,23.0428571428571
Zanzibar,Zanzibar,2020,Oct,1st week,24.0857142857143
Zanzibar,Zanzibar,2020,Nov,1st week,22.8
Zanzibar,Zanzibar,2020,Dec,1st week,24.5285714285714
Zanzibar,Zanzibar,2020,Jan,2nd week,25.4857142857143
Zanzibar,Zanzibar,2020,Feb,2nd week,25.1428571428571
Zanzibar,Zanzibar,2020,Mar,2nd week,24.9428571428571
Zanzibar,Zanzibar,2020,Apr,2nd week,24.3857142857143
Zanzibar,Zanzibar,2020,May,2nd week,25.7285714285714
Zanzibar,Zanzibar,2020,Jun,2nd week,24.2428571428571
Zanzibar,Zanzibar,2020,Jul,2nd week,23.1
Zanzibar,Zanzibar,2020,Aug,2nd week,22.0571428571429
Zanzibar,Zanzibar,2020,Sep,2nd week,23.7142857142857
Zanzibar,Zanzibar,2020,Oct,2nd week,23.4857142857143
Zanzibar,Zanzibar,2020,Nov,2nd week,24.1857142857143
Zanzibar,Zanzibar,2020,Dec,2nd week,25.0571428571429
Zanzibar,Zanzibar,2020,Jan,3rd week,24.9285714285714
Zanzibar,Zanzibar,2020,Feb,3rd week,25.9714285714286
Zanzibar,Zanzibar,2020,Mar,3rd week,25.8428571428571
Zanzibar,Zanzibar,2020,Apr,3rd week,24.6571428571429
Zanzibar,Zanzibar,2020,May,3rd week,24.5142857142857
Zanzibar,Zanzibar,2020,Jun,3rd week,23.5
Zanzibar,Zanzibar,2020,Jul,3rd week,22.7285714285714
Zanzibar,Zanzibar,2020,Aug,3rd week,22.6857142857143
Zanzibar,Zanzibar,2020,Sep,3rd week,22.1857142857143
Zanzibar,Zanzibar,2020,Oct,3rd week,23.5285714285714
Zanzibar,Zanzibar,2020,Nov,3rd week,24.6285714285714
Zanzibar,Zanzibar,2020,Dec,3rd week,24.5428571428571
Zanzibar,Zanzibar,2020,Jan,4th week,25.8
Zanzibar,Zanzibar,2020,Feb,4th week,26.375
Zanzibar,Zanzibar,2020,Mar,4th week,25.5375
Zanzibar,Zanzibar,2020,Apr,4th week,25.0
Zanzibar,Zanzibar,2020,May,4th week,24.325
Zanzibar,Zanzibar,2020,Jun,4th week,24.225
Zanzibar,Zanzibar,2020,Jul,4th week,22.75
Zanzibar,Zanzibar,2020,Aug,4th week,21.95
Zanzibar,Zanzibar,2020,Sep,4th week,23.1
Zanzibar,Zanzibar,2020,Oct,4th week,23.875
Zanzibar,Zanzibar,2020,Nov,4th week,24.7875
Zanzibar,Zanzibar,2020,Dec,4th week,25.55
Zanzibar,Zanzibar,2019,Jan,1st week,26.8857142857143
Zanzibar,Zanzibar,2019,Feb,1st week,25.0428571428571
Zanzibar,Zanzibar,2019,Mar,1st week,24.7714285714286
Zanzibar,Zanzibar,2019,Apr,1st week,25.5285714285714
Zanzibar,Zanzibar,2019,May,1st week,24.6571428571429
Zanzibar,Zanzibar,2019,Jun,1st week,23.8714285714286
Zanzibar,Zanzibar,2019,Jul,1st week,23.2
Zanzibar,Zanzibar,2019,Aug,1st week,22.4428571428571
Zanzibar,Zanzibar,2019,Sep,1st week,21.2285714285714
Zanzibar,Zanzibar,2019,Oct,1st week,24.8714285714286
Zanzibar,Zanzibar,2019,Nov,1st week,25.0142857142857
Zanzibar,Zanzibar,2019,Dec,1st week,23.6857142857143
Zanzibar,Zanzibar,2019,Jan,2nd week,26.0714285714286
Zanzibar,Zanzibar,2019,Feb,2nd week,24.3571428571429
Zanzibar,Zanzibar,2019,Mar,2nd week,25.5714285714286
Zanzibar,Zanzibar,2019,Apr,2nd week,25.3
Zanzibar,Zanzibar,2019,May,2nd week,24.9571428571429
Zanzibar,Zanzibar,2019,Jun,2nd week,23.9714285714286
Zanzibar,Zanzibar,2019,Jul,2nd week,22.8142857142857
Zanzibar,Zanzibar,2019,Aug,2nd week,22.4
Zanzibar,Zanzibar,2019,Sep,2nd week,20.9857142857143
Zanzibar,Zanzibar,2019,Oct,2nd week,24.2
Zanzibar,Zanzibar,2019,Nov,2nd week,24.3857142857143
Zanzibar,Zanzibar,2019,Dec,2nd week,25.0714285714286
Zanzibar,Zanzibar,2019,Jan,3rd week,25.7285714285714
Zanzibar,Zanzibar,2019,Feb,3rd week,25.1857142857143
Zanzibar,Zanzibar,2019,Mar,3rd week,26.0142857142857
Zanzibar,Zanzibar,2019,Apr,3rd week,24.8714285714286
Zanzibar,Zanzibar,2019,May,3rd week,25.3571428571429
Zanzibar,Zanzibar,2019,Jun,3rd week,23.1
Zanzibar,Zanzibar,2019,Jul,3rd week,22.6714285714286
Zanzibar,Zanzibar,2019,Aug,3rd week,22.5714285714286
Zanzibar,Zanzibar,2019,Sep,3rd week,20.4285714285714
Zanzibar,Zanzibar,2019,Oct,3rd week,24.0
Zanzibar,Zanzibar,2019,Nov,3rd week,24.1428571428571
Zanzibar,Zanzibar,2019,Dec,3rd week,25.1142857142857
Zanzibar,Zanzibar,2019,Jan,4th week,25.5428571428571
Zanzibar,Zanzibar,2019,Feb,4th week,24.1142857142857
Zanzibar,Zanzibar,2019,Mar,4th week,25.9857142857143
Zanzibar,Zanzibar,2019,Apr,4th week,24.7
Zanzibar,Zanzibar,2019,May,4th week,24.3
Zanzibar,Zanzibar,2019,Jun,4th week,23.6142857142857
Zanzibar,Zanzibar,2019,Jul,4th week,22.0142857142857
Zanzibar,Zanzibar,2019,Aug,4th week,22.4285714285714
Zanzibar,Zanzibar,2019,Sep,4th week,22.1571428571429
Zanzibar,Zanzibar,2019,Oct,4th week,24.1
Zanzibar,Zanzibar,2019,Nov,4th week,24.7
Zanzibar,Zanzibar,2019,Dec,4th week,25.6428571428571
Pemba,Pemba,2023,Jan,1st week,25.2
Pemba,Pemba,2023,Feb,1st week,24.2571428571429
Pemba,Pemba,2023,Mar,1st week,24.2571428571429
Pemba,Pemba,2023,Apr,1st week,25.3142857142857
Pemba,Pemba,2023,May,1st week,25.2285714285714
Pemba,Pemba,2023,Jun,1st week,23.0
Pemba,Pemba,2023,Jul,1st week,23.6
Pemba,Pemba,2023,Aug,1st week,23.8285714285714
Pemba,Pemba,2023,Sep,1st week,23.2857142857143
Pemba,Pemba,2023,Oct,1st week,23.9714285714286
Pemba,Pemba,2023,Nov,1st week,24.0857142857143
Pemba,Pemba,2023,Dec,1st week,25.5714285714286
Pemba,Pemba,2023,Jan,2nd week,24.6571428571429
Pemba,Pemba,2023,Feb,2nd week,25.0142857142857
Pemba,Pemba,2023,Mar,2nd week,25.0142857142857
Pemba,Pemba,2023,Apr,2nd week,25.5714285714286
Pemba,Pemba,2023,May,2nd week,25.3714285714286
Pemba,Pemba,2023,Jun,2nd week,23.7857142857143
Pemba,Pemba,2023,Jul,2nd week,23.1714285714286
Pemba,Pemba,2023,Aug,2nd week,23.7142857142857
Pemba,Pemba,2023,Sep,2nd week,23.8285714285714
Pemba,Pemba,2023,Oct,2nd week,23.7285714285714
Pemba,Pemba,2023,Nov,2nd week,24.5571428571429
Pemba,Pemba,2023,Dec,2nd week,24.5285714285714
Pemba,Pemba,2023,Jan,3rd week,24.7
Pemba,Pemba,2023,Feb,3rd week,25.3
Pemba,Pemba,2023,Mar,3rd week,25.3
Pemba,Pemba,2023,Apr,3rd week,25.1857142857143
Pemba,Pemba,2023,May,3rd week,25.5142857142857
Pemba,Pemba,2023,Jun,3rd week,23.8142857142857
Pemba,Pemba,2023,Jul,3rd week,24.4
Pemba,Pemba,2023,Aug,3rd week,22.8285714285714
Pemba,Pemba,2023,Sep,3rd week,23.9857142857143
Pemba,Pemba,2023,Oct,3rd week,25.2142857142857
Pemba,Pemba,2023,Nov,3rd week,24.9714285714286
Pemba,Pemba,2023,Dec,3rd week,25.4142857142857
Pemba,Pemba,2023,Jan,4th week,25.6857142857143
Pemba,Pemba,2023,Feb,4th week,23.5714285714286
Pemba,Pemba,2023,Mar,4th week,23.5714285714286
Pemba,Pemba,2023,Apr,4th week,25.1
Pemba,Pemba,2023,May,4th week,24.5142857142857
Pemba,Pemba,2023,Jun,4th week,23.9714285714286
Pemba,Pemba,2023,Jul,4th week,24.1714285714286
Pemba,Pemba,2023,Aug,4th week,23.3857142857143
Pemba,Pemba,2023,Sep,4th week,24.3857142857143
Pemba,Pemba,2023,Oct,4th week,24.6285714285714
Pemba,Pemba,2023,Nov,4th week,24.3428571428571
Pemba,Pemba,2023,Dec,4th week,26.1857142857143
Pemba,Pemba,2022,Jan,1st week,25.4428571428571
Pemba,Pemba,2022,Feb,1st week,24.0714285714286
Pemba,Pemba,2022,Mar,1st week,24.2714285714286
Pemba,Pemba,2022,Apr,1st week,25.2
Pemba,Pemba,2022,May,1st week,24.3428571428571
Pemba,Pemba,2022,Jun,1st week,23.7
Pemba,Pemba,2022,Jul,1st week,22.9571428571429
Pemba,Pemba,2022,Aug,1st week,21.3714285714286
Pemba,Pemba,2022,Sep,1st week,21.5571428571429
Pemba,Pemba,2022,Oct,1st week,22.8428571428571
Pemba,Pemba,2022,Nov,1st week,23.2428571428571
Pemba,Pemba,2022,Dec,1st week,24.4
Pemba,Pemba,2022,Jan,2nd week,26.0428571428571
Pemba,Pemba,2022,Feb,2nd week,24.5571428571429
Pemba,Pemba,2022,Mar,2nd week,24.4571428571429
Pemba,Pemba,2022,Apr,2nd week,25.5142857142857
Pemba,Pemba,2022,May,2nd week,25.9714285714286
Pemba,Pemba,2022,Jun,2nd week,24.3857142857143
Pemba,Pemba,2022,Jul,2nd week,22.5142857142857
Pemba,Pemba,2022,Aug,2nd week,22.6142857142857
Pemba,Pemba,2022,Sep,2nd week,21.7285714285714
Pemba,Pemba,2022,Oct,2nd week,23.5
Pemba,Pemba,2022,Nov,2nd week,24.0142857142857
Pemba,Pemba,2022,Dec,2nd week,24.0857142857143
Pemba,Pemba,2022,Jan,3rd week,24.0571428571429
Pemba,Pemba,2022,Feb,3rd week,24.1428571428571
Pemba,Pemba,2022,Mar,3rd week,24.3
Pemba,Pemba,2022,Apr,3rd week,24.5428571428571
Pemba,Pemba,2022,May,3rd week,25.8
Pemba,Pemba,2022,Jun,3rd week,24.8142857142857
Pemba,Pemba,2022,Jul,3rd week,22.9714285714286
Pemba,Pemba,2022,Aug,3rd week,21.7571428571429
Pemba,Pemba,2022,Sep,3rd week,22.9714285714286
Pemba,Pemba,2022,Oct,3rd week,22.9142857142857
Pemba,Pemba,2022,Nov,3rd week,24.1142857142857
Pemba,Pemba,2022,Dec,3rd week,25.4714285714286
Pemba,Pemba,2022,Jan,4th week,25.0714285714286
Pemba,Pemba,2022,Feb,4th week,25.3
Pemba,Pemba,2022,Mar,4th week,25.6428571428571
Pemba,Pemba,2022,Apr,4th week,24.8857142857143
Pemba,Pemba,2022,May,4th week,26.3142857142857
Pemba,Pemba,2022,Jun,4th week,24.5428571428571
Pemba,Pemba,2022,Jul,4th week,23.2142857142857
Pemba,Pemba,2022,Aug,4th week,22.4857142857143
Pemba,Pemba,2022,Sep,4th week,23.4857142857143
Pemba,Pemba,2022,Oct,4th week,23.6714285714286
Pemba,Pemba,2022,Nov,4th week,24.3571428571429
Pemba,Pemba,2022,Dec,4th week,26.0285714285714
Pemba,Pemba,2021,Jan,1st week,24.4714285714286
Pemba,Pemba,2021,Feb,1st week,23.5
Pemba,Pemba,2021,Mar,1st week,24.3571428571429
Pemba,Pemba,2021,Apr,1st week,25.2571428571429
Pemba,Pemba,2021,May,1st week,23.8714285714286
Pemba,Pemba,2021,Jun,1st week,23.9714285714286
Pemba,Pemba,2021,Jul,1st week,23.5
Pemba,Pemba,2021,Aug,1st week,22.4428571428571
Pemba,Pemba,2021,Sep,1st week,24.1428571428571
Pemba,Pemba,2021,Oct,1st week,23.1714285714286
Pemba,Pemba,2021,Nov,1st week,24.4285714285714
Pemba,Pemba,2021,Dec,1st week,24.5571428571429
Pemba,Pemba,2021,Jan,2nd week,24.5428571428571
Pemba,Pemba,2021,Feb,2nd week,25.3714285714286
Pemba,Pemba,2021,Mar,2nd week,24.1285714285714
Pemba,Pemba,2021,Apr,2nd week,24.6714285714286
Pemba,Pemba,2021,May,2nd week,25.0571428571429
Pemba,Pemba,2021,Jun,2nd week,24.4
Pemba,Pemba,2021,Jul,2nd week,24.1
Pemba,Pemba,2021,Aug,2nd week,22.2
Pemba,Pemba,2021,Sep,2nd week,23.6857142857143
Pemba,Pemba,2021,Oct,2nd week,23.9428571428571
Pemba,Pemba,2021,Nov,2nd week,23.5857142857143
Pemba,Pemba,2021,Dec,2nd week,24.4714285714286
Pemba,Pemba,2021,Jan,3rd week,23.7571428571429
Pemba,Pemba,2021,Feb,3rd week,24.6142857142857
Pemba,Pemba,2021,Mar,3rd week,23.9714285714286
Pemba,Pemba,2021,Apr,3rd week,24.4571428571429
Pemba,Pemba,2021,May,3rd week,24.7857142857143
Pemba,Pemba,2021,Jun,3rd week,23.4285714285714
Pemba,Pemba,2021,Jul,3rd week,24.2285714285714
Pemba,Pemba,2021,Aug,3rd week,22.9142857142857
Pemba,Pemba,2021,Sep,3rd week,23.4
Pemba,Pemba,2021,Oct,3rd week,24.5285714285714
Pemba,Pemba,2021,Nov,3rd week,23.8428571428571
Pemba,Pemba,2021,Dec,3rd week,24.6857142857143
Pemba,Pemba,2021,Jan,4th week,24.4571428571429
Pemba,Pemba,2021,Feb,4th week,24.4142857142857
Pemba,Pemba,2021,Mar,4th week,23.9714285714286
Pemba,Pemba,2021,Apr,4th week,24.9
Pemba,Pemba,2021,May,4th week,25.2285714285714
Pemba,Pemba,2021,Jun,4th week,23.0142857142857
Pemba,Pemba,2021,Jul,4th week,23.5714285714286
Pemba,Pemba,2021,Aug,4th week,22.2714285714286
Pemba,Pemba,2021,Sep,4th week,23.1142857142857
Pemba,Pemba,2021,Oct,4th week,22.5142857142857
Pemba,Pemba,2021,Nov,4th week,25.0857142857143
Pemba,Pemba,2021,Dec,4th week,24.7571428571429
Pemba,Pemba,2020,Jan,1st week,25.8142857142857
Pemba,Pemba,2020,Feb,1st week,24.7857142857143
Pemba,Pemba,2020,Mar,1st week,25.5857142857143
Pemba,Pemba,2020,Apr,1st week,25.5
Pemba,Pemba,2020,May,1st week,24.4
Pemba,Pemba,2020,Jun,1st week,25.1285714285714
Pemba,Pemba,2020,Jul,1st week,24.1428571428571
Pemba,Pemba,2020,Aug,1st week,23.2142857142857
Pemba,Pemba,2020,Sep,1st week,23.0
Pemba,Pemba,2020,Oct,1st week,22.6142857142857
Pemba,Pemba,2020,Nov,1st week,25.0142857142857
Pemba,Pemba,2020,Dec,1st week,24.4857142857143
Pemba,Pemba,2020,Jan,2nd week,25.6
Pemba,Pemba,2020,Feb,2nd week,24.8625
Pemba,Pemba,2020,Mar,2nd week,25.7625
Pemba,Pemba,2020,Apr,2nd week,24.9
Pemba,Pemba,2020,May,2nd week,24.3625
Pemba,Pemba,2020,Jun,2nd week,24.5625
Pemba,Pemba,2020,Jul,2nd week,23.4625
Pemba,Pemba,2020,Aug,2nd week,22.3625
Pemba,Pemba,2020,Sep,2nd week,22.5625
Pemba,Pemba,2020,Oct,2nd week,23.8
Pemba,Pemba,2020,Nov,2nd week,24.1125
Pemba,Pemba,2020,Dec,2nd week,24.8375
Pemba,Pemba,2020,Jan,3rd week,26.0142857142857
Pemba,Pemba,2020,Feb,3rd week,25.1428571428571
Pemba,Pemba,2020,Mar,3rd week,25.4285714285714
Pemba,Pemba,2020,Apr,3rd week,23.9857142857143
Pemba,Pemba,2020,May,3rd week,24.2142857142857
Pemba,Pemba,2020,Jun,3rd week,24.8
Pemba,Pemba,2020,Jul,3rd week,23.3857142857143
Pemba,Pemba,2020,Aug,3rd week,23.7
Pemba,Pemba,2020,Sep,3rd week,22.8
Pemba,Pemba,2020,Oct,3rd week,23.2428571428571
Pemba,Pemba,2020,Nov,3rd week,25.3285714285714
Pemba,Pemba,2020,Dec,3rd week,25.1571428571429
Pemba,Pemba,2020,Jan,4th week,25.8428571428571
Pemba,Pemba,2020,Feb,4th week,25.6428571428571
Pemba,Pemba,2020,Mar,4th week,25.0142857142857
Pemba,Pemba,2020,Apr,4th week,24.5142857142857
Pemba,Pemba,2020,May,4th week,24.5428571428571
Pemba,Pemba,2020,Jun,4th week,23.7
Pemba,Pemba,2020,Jul,4th week,24.3142857142857
Pemba,Pemba,2020,Aug,4th week,23.2428571428571
Pemba,Pemba,2020,Sep,4th week,22.9142857142857
Pemba,Pemba,2020,Oct,4th week,24.7714285714286
Pemba,Pemba,2020,Nov,4th week,24.4857142857143
Pemba,Pemba,2020,Dec,4th week,26.3142857142857
Pemba,Pemba,2019,Jan,1st week,25.5571428571429
Pemba,Pemba,2019,Feb,1st week,24.7857142857143
Pemba,Pemba,2019,Mar,1st week,25.0142857142857
Pemba,Pemba,2019,Apr,1st week,24.9428571428571
Pemba,Pemba,2019,May,1st week,24.8285714285714
Pemba,Pemba,2019,Jun,1st week,24.1571428571429
Pemba,Pemba,2019,Jul,1st week,24.1857142857143
Pemba,Pemba,2019,Aug,1st week,23.7571428571429
Pemba,Pemba,2019,Sep,1st week,23.1857142857143
Pemba,Pemba,2019,Oct,1st week,23.8
Pemba,Pemba,2019,Nov,1st week,24.6857142857143
Pemba,Pemba,2019,Dec,1st week,25.1428571428571
Pemba,Pemba,2019,Jan,2nd week,25.7
Pemba,Pemba,2019,Feb,2nd week,24.6857142857143
Pemba,Pemba,2019,Mar,2nd week,25.1142857142857
Pemba,Pemba,2019,Apr,2nd week,25.0142857142857
Pemba,Pemba,2019,May,2nd week,25.0428571428571
Pemba,Pemba,2019,Jun,2nd week,23.7714285714286
Pemba,Pemba,2019,Jul,2nd week,24.6428571428571
Pemba,Pemba,2019,Aug,2nd week,24.0428571428571
Pemba,Pemba,2019,Sep,2nd week,23.9285714285714
Pemba,Pemba,2019,Oct,2nd week,24.0857142857143
Pemba,Pemba,2019,Nov,2nd week,24.6285714285714
Pemba,Pemba,2019,Dec,2nd week,24.8285714285714
Pemba,Pemba,2019,Jan,3rd week,24.4857142857143
Pemba,Pemba,2019,Feb,3rd week,25.2571428571429
Pemba,Pemba,2019,Mar,3rd week,24.1714285714286
Pemba,Pemba,2019,Apr,3rd week,25.6428571428571
Pemba,Pemba,2019,May,3rd week,24.4428571428571
Pemba,Pemba,2019,Jun,3rd week,24.3
Pemba,Pemba,2019,Jul,3rd week,23.5
Pemba,Pemba,2019,Aug,3rd week,24.3
Pemba,Pemba,2019,Sep,3rd week,23.5428571428571
Pemba,Pemba,2019,Oct,3rd week,23.6428571428571
Pemba,Pemba,2019,Nov,3rd week,25.6714285714286
Pemba,Pemba,2019,Dec,3rd week,24.2857142857143
Pemba,Pemba,2019,Jan,4th week,25.725
Pemba,Pemba,2019,Feb,4th week,25.6
Pemba,Pemba,2019,Mar,4th week,24.5125
Pemba,Pemba,2019,Apr,4th week,25.2125
Pemba,Pemba,2019,May,4th week,24.55
Pemba,Pemba,2019,Jun,4th week,24.175
Pemba,Pemba,2019,Jul,4th week,24.4
Pemba,Pemba,2019,Aug,4th week,23.8375
Pemba,Pemba,2019,Sep,4th week,24.2375
Pemba,Pemba,2019,Oct,4th week,24.6375
Pemba,Pemba,2019,Nov,4th week,24.6875
Pemba,Pemba,2019,Dec,4th week,25.375
Pemba,Pemba,2018,Jan,1st week,24.3428571428571
Pemba,Pemba,2018,Feb,1st week,23.8571428571429
Pemba,Pemba,2018,Mar,1st week,23.7714285714286
Pemba,Pemba,2018,Apr,1st week,24.5857142857143
Pemba,Pemba,2018,May,1st week,22.8714285714286
Pemba,Pemba,2018,Jun,1st week,23.9714285714286
Pemba,Pemba,2018,Jul,1st week,22.7714285714286
Pemba,Pemba,2018,Aug,1st week,22.9857142857143
Pemba,Pemba,2018,Sep,1st week,23.3142857142857
Pemba,Pemba,2018,Oct,1st week,23.2
Pemba,Pemba,2018,Nov,1st week,22.9857142857143
Pemba,Pemba,2018,Dec,1st week,24.3166666666667
Pemba,Pemba,2018,Jan,2nd week,23.8
Pemba,Pemba,2018,Feb,2nd week,24.5714285714286
Pemba,Pemba,2018,Mar,2nd week,23.8428571428571
Pemba,Pemba,2018,Apr,2nd week,24.1857142857143
Pemba,Pemba,2018,May,2nd week,23.4285714285714
Pemba,Pemba,2018,Jun,2nd week,22.8714285714286
Pemba,Pemba,2018,Jul,2nd week,23.0857142857143
Pemba,Pemba,2018,Aug,2nd week,23.5714285714286
Pemba,Pemba,2018,Sep,2nd week,23.6571428571429
Pemba,Pemba,2018,Oct,2nd week,23.5428571428571
Pemba,Pemba,2018,Nov,2nd week,23.5714285714286
Pemba,Pemba,2018,Dec,2nd week,24.35
Pemba,Pemba,2018,Jan,3rd week,23.3571428571429
Pemba,Pemba,2018,Feb,3rd week,24.4
Pemba,Pemba,2018,Mar,3rd week,24.4428571428571
Pemba,Pemba,2018,Apr,3rd week,23.7142857142857
Pemba,Pemba,2018,May,3rd week,24.1142857142857
Pemba,Pemba,2018,Jun,3rd week,23.1857142857143
Pemba,Pemba,2018,Jul,3rd week,22.9285714285714
Pemba,Pemba,2018,Aug,3rd week,24.0142857142857
Pemba,Pemba,2018,Sep,3rd week,22.2
Pemba,Pemba,2018,Oct,3rd week,23.2285714285714
Pemba,Pemba,2018,Nov,3rd week,24.0142857142857
Pemba,Pemba,2018,Dec,3rd week,24.7714285714286
Pemba,Pemba,2018,Jan,4th week,22.8285714285714
Pemba,Pemba,2018,Feb,4th week,23.7428571428571
Pemba,Pemba,2018,Mar,4th week,24.0285714285714
Pemba,Pemba,2018,Apr,4th week,24.7714285714286
Pemba,Pemba,2018,May,4th week,23.9571428571429
Pemba,Pemba,2018,Jun,4th week,23.5714285714286
Pemba,Pemba,2018,Jul,4th week,23.2142857142857
Pemba,Pemba,2018,Aug,4th week,24.6714285714286
Pemba,Pemba,2018,Sep,4th week,23.2
Pemba,Pemba,2018,Oct,4th week,23.7571428571429
Pemba,Pemba,2018,Nov,4th week,24.6714285714286
Pemba,Pemba,2018,Dec,4th week,24.8428571428571
