Date,Humidity,Region,Island
2018-01-01,90.0,CHAKE-CHAKE,Pemba
2018-02-01,90.0,CHAKE-CHAKE,Pemba
2018-03-01,92.0,CHAKE-CHAKE,Pemba
2018-04-01,95.0,CHAKE-CHAKE,Pemba
2018-05-01,94.0,CHAKE-CHAKE,Pemba
2018-06-01,88.0,CHAKE-CHAKE,Pemba
2018-07-01,86.0,CHAKE-CHAKE,Pemba
2018-08-01,84.0,CHAKE-CHAKE,Pemba
2018-09-01,84.0,CHAKE-CHAKE,Pemba
2018-10-01,89.0,CHAKE-CHAKE,Pemba
2018-11-01,94.0,CHAKE-CHAKE,Pemba
2018-12-01,93.0,CHAKE-CHAKE,Pemba
2019-01-01,89.0,CHAKE-CHAKE,Pemba
2019-02-01,88.0,CHAKE-CHAKE,Pemba
2019-03-01,92.0,CHAKE-CHAKE,Pemba
2019-04-01,94.0,CHAKE-CHAKE,Pemba
2019-05-01,95.0,CHAKE-CHAKE,Pemba
2019-06-01,86.0,CHAKE-CHAKE,Pemba
2019-07-01,89.0,CHAKE-CHAKE,Pemba
2019-08-01,91.0,CHAKE-CHAKE,Pemba
2019-09-01,89.0,CHAKE-CHAKE,Pemba
2019-10-01,95.0,CHAKE-CHAKE,Pemba
2019-11-01,95.0,CHAKE-CHAKE,Pemba
2019-12-01,93.0,CHAKE-CHAKE,Pemba
2020-01-01,86.0,CHAKE-CHAKE,Pemba
2020-02-01,93.0,CHAKE-CHAKE,Pemba
2020-03-01,93.0,CHAKE-CHAKE,Pemba
2020-04-01,85.0,CHAKE-CHAKE,Pemba
2020-05-01,91.0,CHAKE-CHAKE,Pemba
2020-06-01,87.0,CHAKE-CHAKE,Pemba
2020-07-01,80.0,CHAKE-CHAKE,Pemba
2020-08-01,86.0,CHAKE-CHAKE,Pemba
2020-09-01,88.0,CHAKE-CHAKE,Pemba
2020-10-01,90.0,CHAKE-CHAKE,Pemba
2020-11-01,91.0,CHAKE-CHAKE,Pemba
2020-12-01,90.0,CHAKE-CHAKE,Pemba
2021-01-01,90.0,CHAKE-CHAKE,Pemba
2021-02-01,90.0,CHAKE-CHAKE,Pemba
2021-03-01,69.0,CHAKE-CHAKE,Pemba
2021-04-01,85.0,CHAKE-CHAKE,Pemba
2021-05-01,87.0,CHAKE-CHAKE,Pemba
2021-06-01,85.0,CHAKE-CHAKE,Pemba
2021-07-01,83.0,CHAKE-CHAKE,Pemba
2021-08-01,86.0,CHAKE-CHAKE,Pemba
2021-09-01,85.0,CHAKE-CHAKE,Pemba
2021-10-01,88.0,CHAKE-CHAKE,Pemba
2021-11-01,89.0,CHAKE-CHAKE,Pemba
2021-12-01,92.0,CHAKE-CHAKE,Pemba
2022-01-01,76.0,CHAKE-CHAKE,Pemba
2022-02-01,77.0,CHAKE-CHAKE,Pemba
2022-03-01,69.0,CHAKE-CHAKE,Pemba
2022-04-01,80.0,CHAKE-CHAKE,Pemba
2022-05-01,86.0,CHAKE-CHAKE,Pemba
2022-06-01,8.8,CHAKE-CHAKE,Pemba
2022-07-01,94.0,CHAKE-CHAKE,Pemba
2022-08-01,89.0,CHAKE-CHAKE,Pemba
2022-09-01,88.0,CHAKE-CHAKE,Pemba
2022-10-01,90.0,CHAKE-CHAKE,Pemba
2022-11-01,93.0,CHAKE-CHAKE,Pemba
2022-12-01,94.0,CHAKE-CHAKE,Pemba
2023-01-01,87.0,CHAKE-CHAKE,Pemba
2023-02-01,90.0,CHAKE-CHAKE,Pemba
2023-03-01,92.0,CHAKE-CHAKE,Pemba
2023-04-01,90.0,CHAKE-CHAKE,Pemba
2023-05-01,96.0,CHAKE-CHAKE,Pemba
2023-06-01,90.0,CHAKE-CHAKE,Pemba
2023-07-01,85.0,CHAKE-CHAKE,Pemba
2023-08-01,87.0,CHAKE-CHAKE,Pemba
2023-09-01,89.0,CHAKE-CHAKE,Pemba
2023-10-01,92.0,CHAKE-CHAKE,Pemba
2023-11-01,95.0,CHAKE-CHAKE,Pemba
2023-12-01,90.0,CHAKE-CHAKE,Pemba
2018-01-01,71.0,MAGHARIBI  A,UNKNOWN
2018-02-01,63.0,MAGHARIBI  A,UNKNOWN
2018-03-01,69.0,MAGHARIBI  A,UNKNOWN
2018-04-01,88.0,MAGHARIBI  A,UNKNOWN
2018-05-01,86.0,MAGHARIBI  A,UNKNOWN
2018-06-01,63.0,MAGHARIBI  A,UNKNOWN
2018-07-01,62.0,MAGHARIBI  A,UNKNOWN
2018-08-01,69.0,MAGHARIBI  A,UNKNOWN
2018-09-01,59.0,MAGHARIBI  A,UNKNOWN
2018-10-01,69.0,MAGHARIBI  A,UNKNOWN
2018-11-01,71.0,MAGHARIBI  A,UNKNOWN
2018-12-01,69.0,MAGHARIBI  A,UNKNOWN
2019-01-01,68.0,MAGHARIBI  A,UNKNOWN
2019-02-01,72.0,MAGHARIBI  A,UNKNOWN
2019-03-01,77.0,MAGHARIBI  A,UNKNOWN
2019-04-01,86.0,MAGHARIBI  A,UNKNOWN
2019-05-01,87.0,MAGHARIBI  A,UNKNOWN
2019-06-01,80.0,MAGHARIBI  A,UNKNOWN
2019-07-01,76.0,MAGHARIBI  A,UNKNOWN
2019-08-01,78.0,MAGHARIBI  A,UNKNOWN
2019-09-01,88.0,MAGHARIBI  A,UNKNOWN
2019-10-01,86.0,MAGHARIBI  A,UNKNOWN
2019-11-01,84.0,MAGHARIBI  A,UNKNOWN
2019-12-01,82.0,MAGHARIBI  A,UNKNOWN
2020-01-01,81.0,MAGHARIBI  A,UNKNOWN
2020-02-01,79.0,MAGHARIBI  A,UNKNOWN
2020-03-01,80.0,MAGHARIBI  A,UNKNOWN
2020-04-01,87.0,MAGHARIBI  A,UNKNOWN
2020-05-01,80.0,MAGHARIBI  A,UNKNOWN
2020-06-01,75.0,MAGHARIBI  A,UNKNOWN
2020-07-01,73.0,MAGHARIBI  A,UNKNOWN
2020-08-01,77.0,MAGHARIBI  A,UNKNOWN
2020-09-01,76.0,MAGHARIBI  A,UNKNOWN
2020-10-01,78.0,MAGHARIBI  A,UNKNOWN
2020-11-01,82.0,MAGHARIBI  A,UNKNOWN
2020-12-01,79.0,MAGHARIBI  A,UNKNOWN
2021-01-01,77.0,MAGHARIBI  A,UNKNOWN
2021-02-01,77.0,MAGHARIBI  A,UNKNOWN
2021-03-01,75.0,MAGHARIBI  A,UNKNOWN
2021-04-01,82.0,MAGHARIBI  A,UNKNOWN
2021-05-01,77.0,MAGHARIBI  A,UNKNOWN
2021-06-01,75.0,MAGHARIBI  A,UNKNOWN
2021-07-01,73.0,MAGHARIBI  A,UNKNOWN
2021-08-01,76.0,MAGHARIBI  A,UNKNOWN
2021-09-01,74.0,MAGHARIBI  A,UNKNOWN
2021-10-01,74.0,MAGHARIBI  A,UNKNOWN
2021-11-01,74.0,MAGHARIBI  A,UNKNOWN
2021-12-01,82.0,MAGHARIBI  A,UNKNOWN
2022-01-01,80.0,MAGHARIBI  A,UNKNOWN
2022-02-01,83.0,MAGHARIBI  A,UNKNOWN
2022-03-01,80.0,MAGHARIBI  A,UNKNOWN
2022-04-01,85.0,MAGHARIBI  A,UNKNOWN
2022-05-01,85.0,MAGHARIBI  A,UNKNOWN
2022-06-01,84.0,MAGHARIBI  A,UNKNOWN
2022-07-01,88.0,MAGHARIBI  A,UNKNOWN
2022-08-01,84.0,MAGHARIBI  A,UNKNOWN
2022-09-01,76.0,MAGHARIBI  A,UNKNOWN
2022-10-01,72.0,MAGHARIBI  A,UNKNOWN
2022-11-01,76.0,MAGHARIBI  A,UNKNOWN
2022-12-01,74.0,MAGHARIBI  A,UNKNOWN
2023-01-01,80.0,MAGHARIBI  A,UNKNOWN
2023-02-01,75.0,MAGHARIBI  A,UNKNOWN
2023-03-01,78.0,MAGHARIBI  A,UNKNOWN
2023-04-01,90.0,MAGHARIBI  A,UNKNOWN
2023-05-01,86.0,MAGHARIBI  A,UNKNOWN
2023-06-01,86.0,MAGHARIBI  A,UNKNOWN
2023-07-01,88.0,MAGHARIBI  A,UNKNOWN
2023-08-01,85.0,MAGHARIBI  A,UNKNOWN
2023-09-01,81.0,MAGHARIBI  A,UNKNOWN
2023-10-01,70.0,MAGHARIBI  A,UNKNOWN
2023-11-01,77.0,MAGHARIBI  A,UNKNOWN
2023-12-01,78.0,MAGHARIBI  A,UNKNOWN
2018-01-01,76.75,MAGHARIBI  B,UNKNOWN
2018-02-01,82.625,MAGHARIBI  B,UNKNOWN
2018-03-01,84.0,MAGHARIBI  B,UNKNOWN
2018-04-01,84.75,MAGHARIBI  B,UNKNOWN
2018-05-01,80.0,MAGHARIBI  B,UNKNOWN
2018-06-01,84.0,MAGHARIBI  B,UNKNOWN
2018-07-01,80.0,MAGHARIBI  B,UNKNOWN
2018-08-01,79.5,MAGHARIBI  B,UNKNOWN
2018-09-01,77.625,MAGHARIBI  B,UNKNOWN
2018-10-01,79.125,MAGHARIBI  B,UNKNOWN
2018-11-01,82.5,MAGHARIBI  B,UNKNOWN
2018-12-01,83.875,MAGHARIBI  B,UNKNOWN
2019-01-01,71.0,MAGHARIBI  B,UNKNOWN
2019-02-01,63.0,MAGHARIBI  B,UNKNOWN
2019-03-01,69.0,MAGHARIBI  B,UNKNOWN
2019-04-01,88.0,MAGHARIBI  B,UNKNOWN
2019-05-01,86.0,MAGHARIBI  B,UNKNOWN
2019-06-01,63.0,MAGHARIBI  B,UNKNOWN
2019-07-01,62.0,MAGHARIBI  B,UNKNOWN
2019-08-01,69.0,MAGHARIBI  B,UNKNOWN
2019-09-01,59.0,MAGHARIBI  B,UNKNOWN
2019-10-01,69.0,MAGHARIBI  B,UNKNOWN
2019-11-01,71.0,MAGHARIBI  B,UNKNOWN
2019-12-01,69.0,MAGHARIBI  B,UNKNOWN
2020-01-01,68.0,MAGHARIBI  B,UNKNOWN
2020-02-01,72.0,MAGHARIBI  B,UNKNOWN
2020-03-01,77.0,MAGHARIBI  B,UNKNOWN
2020-04-01,86.0,MAGHARIBI  B,UNKNOWN
2020-05-01,87.0,MAGHARIBI  B,UNKNOWN
2020-06-01,80.0,MAGHARIBI  B,UNKNOWN
2020-07-01,76.0,MAGHARIBI  B,UNKNOWN
2020-08-01,78.0,MAGHARIBI  B,UNKNOWN
2020-09-01,88.0,MAGHARIBI  B,UNKNOWN
2020-10-01,86.0,MAGHARIBI  B,UNKNOWN
2020-11-01,84.0,MAGHARIBI  B,UNKNOWN
2020-12-01,82.0,MAGHARIBI  B,UNKNOWN
2021-01-01,81.0,MAGHARIBI  B,UNKNOWN
2021-02-01,79.0,MAGHARIBI  B,UNKNOWN
2021-03-01,80.0,MAGHARIBI  B,UNKNOWN
2021-04-01,87.0,MAGHARIBI  B,UNKNOWN
2021-05-01,80.0,MAGHARIBI  B,UNKNOWN
2021-06-01,75.0,MAGHARIBI  B,UNKNOWN
2021-07-01,73.0,MAGHARIBI  B,UNKNOWN
2021-08-01,77.0,MAGHARIBI  B,UNKNOWN
2021-09-01,76.0,MAGHARIBI  B,UNKNOWN
2021-10-01,78.0,MAGHARIBI  B,UNKNOWN
2021-11-01,82.0,MAGHARIBI  B,UNKNOWN
2021-12-01,79.0,MAGHARIBI  B,UNKNOWN
2022-01-01,77.0,MAGHARIBI  B,UNKNOWN
2022-02-01,77.0,MAGHARIBI  B,UNKNOWN
2022-03-01,75.0,MAGHARIBI  B,UNKNOWN
2022-04-01,82.0,MAGHARIBI  B,UNKNOWN
2022-05-01,77.0,MAGHARIBI  B,UNKNOWN
2022-06-01,75.0,MAGHARIBI  B,UNKNOWN
2022-07-01,73.0,MAGHARIBI  B,UNKNOWN
2022-08-01,76.0,MAGHARIBI  B,UNKNOWN
2022-09-01,74.0,MAGHARIBI  B,UNKNOWN
2022-10-01,74.0,MAGHARIBI  B,UNKNOWN
2022-11-01,74.0,MAGHARIBI  B,UNKNOWN
2022-12-01,82.0,MAGHARIBI  B,UNKNOWN
2023-01-01,76.0,MAGHARIBI  B,UNKNOWN
2023-02-01,76.0,MAGHARIBI  B,UNKNOWN
2023-03-01,75.0,MAGHARIBI  B,UNKNOWN
2023-04-01,83.0,MAGHARIBI  B,UNKNOWN
2023-05-01,79.0,MAGHARIBI  B,UNKNOWN
2023-06-01,79.0,MAGHARIBI  B,UNKNOWN
2023-07-01,79.0,MAGHARIBI  B,UNKNOWN
2023-08-01,78.0,MAGHARIBI  B,UNKNOWN
2023-09-01,73.0,MAGHARIBI  B,UNKNOWN
2023-10-01,80.0,MAGHARIBI  B,UNKNOWN
2023-11-01,88.0,MAGHARIBI  B,UNKNOWN
2023-12-01,84.0,MAGHARIBI  B,UNKNOWN
